client_id,full_name,email,age,monthly_income,credit_score,registration_date
1000,Client_0,,69,22431.83,637,2020-01-01
1001,Client_1,,32,35242.87,613,2020-01-02
1002,Client_2,,89,8774.76,374,2020-01-03
1003,Client_3,,78,28409.88,578,2020-01-04
1004,Client_4,,38,25255.71,475,2020-01-05
1005,Client_5,,41,10891.49,572,2020-01-06
1006,Client_6,,20,7914.97,588,2020-01-07
1007,Client_7,,39,35103.45,571,2020-01-08
1008,Client_8,,70,34627.91,365,2020-01-09
1009,Client_9,,19,26725.58,782,2020-01-10
1010,Client_10,,47,42166.58,547,2020-01-11
1011,Client_11,,55,29409.68,455,2020-01-12
1012,Client_12,,19,37498.05,346,2020-01-13
1013,Client_13,,81,29203.25,753,2020-01-14
1014,Client_14,,77,22241.9,500,2020-01-15
1015,Client_15,,38,14424.69,423,2020-01-16
1016,Client_16,,50,18965.64,300,2020-01-17
1017,Client_17,,75,22428.78,490,2020-01-18
1018,Client_18,,39,38631.53,815,2020-01-19
1019,Client_19,,66,32699.2,741,2020-01-20
1020,Client_20,,76,28303.19,442,2020-01-21
1021,Client_21,,59,33700.1,490,2020-01-22
1022,Client_22,,77,30273.84,832,2020-01-23
1023,Client_23,,32,27619.38,526,2020-01-24
1024,Client_24,,79,10013.41,612,2020-01-25
1025,Client_25,,79,36391.58,601,2020-01-26
1026,Client_26,,64,20414.88,759,2020-01-27
1027,Client_27,,79,35885.4,700,2020-01-28
1028,Client_28,,68,36852.1,692,2020-01-29
1029,Client_29,,72,18299.61,506,2020-01-30
1030,Client_30,,81,34497.16,509,2020-01-31
1031,Client_31,,20,21390.13,414,2020-02-01
1032,Client_32,,68,21449.68,550,2020-02-02
1033,Client_33,,24,27574.73,518,2020-02-03
1034,Client_34,,38,27844.73,706,2020-02-04
1035,Client_35,,56,25385.52,742,2020-02-05
1036,Client_36,,35,11657.12,653,2020-02-06
1037,Client_37,,21,23785.53,849,2020-02-07
1038,Client_38,,77,47784.79,441,2020-02-08
1039,Client_39,,31,-2840.04,800,2020-02-09
1040,Client_40,,26,33697.4,846,2020-02-10
1041,Client_41,,70,35571.25,841,2020-02-11
1042,Client_42,,19,11416.52,806,2020-02-12
1043,Client_43,,77,20305.61,580,2020-02-13
1044,Client_44,,88,14992.83,723,2020-02-14
1045,Client_45,,61,43539.65,569,2020-02-15
1046,Client_46,,25,36030.25,453,2020-02-16
1047,Client_47,,64,36514.25,382,2020-02-17
1048,Client_48,,52,26206.47,725,2020-02-18
1049,Client_49,,53,38120.92,574,2020-02-19
1050,Client_50,user_50@bankdomain.com,-5,24917.63,583,2020-02-20
1051,Client_51,user_51@bankdomain.com,-5,38591.58,472,2020-02-21
1052,Client_52,user_52@bankdomain.com,-5,23513.04,626,2020-02-22
1053,Client_53,user_53@bankdomain.com,-5,18207.58,362,2020-02-23
1054,Client_54,user_54@bankdomain.com,-5,43109.5,372,2020-02-24
1055,Client_55,user_55@bankdomain.com,-5,24791.51,674,2020-02-25
1056,Client_56,user_56@bankdomain.com,150,16012.0,807,2020-02-26
1057,Client_57,user_57@bankdomain.com,150,15903.66,697,2020-02-27
1058,Client_58,user_58@bankdomain.com,150,15934.21,419,2020-02-28
1059,Client_59,user_59@bankdomain.com,150,33444.42,736,2020-02-29
1060,Client_60,user_60@bankdomain.com,150,24011.37,764,2020-03-01
1061,Client_61,user_61@bankdomain.com,79,47979.59,585,2020-03-02
1062,Client_62,user_62@bankdomain.com,31,36861.78,564,2020-03-03
1063,Client_63,user_63@bankdomain.com,65,27571.38,619,2020-03-04
1064,Client_64,user_64@bankdomain.com,32,39038.98,675,2020-03-05
1065,Client_65,user_65@bankdomain.com,89,20044.93,388,2020-03-06
1066,Client_66,user_66@bankdomain.com,79,6452.14,502,2020-03-07
1067,Client_67,user_67@bankdomain.com,57,15104.17,633,2020-03-08
1068,Client_68,user_68@bankdomain.com,70,26472.08,521,2020-03-09
1069,Client_69,user_69@bankdomain.com,41,22774.59,340,2020-03-10
1070,Client_70,user_70@bankdomain.com,43,33244.15,367,2020-03-11
1071,Client_71,user_71@bankdomain.com,77,23753.86,813,2020-03-12
1072,Client_72,user_72@bankdomain.com,58,32480.35,426,2020-03-13
1073,Client_73,user_73@bankdomain.com,46,40009.72,554,2020-03-14
1074,Client_74,user_74@bankdomain.com,32,23723.04,315,2020-03-15
1075,Client_75,user_75@bankdomain.com,62,30551.45,776,2020-03-16
1076,Client_76,user_76@bankdomain.com,82,7452.13,361,2020-03-17
1077,Client_77,user_77@bankdomain.com,88,23761.06,731,2020-03-18
1078,Client_78,user_78@bankdomain.com,26,12680.42,567,2020-03-19
1079,Client_79,user_79@bankdomain.com,18,26452.27,334,2020-03-20
1080,Client_80,user_80@bankdomain.com,25,27360.0,793,2020-03-21
1081,Client_81,user_81@bankdomain.com,80,27326.76,768,2020-03-22
1082,Client_82,user_82@bankdomain.com,28,20198.77,624,2020-03-23
1083,Client_83,user_83@bankdomain.com,25,47984.69,603,2020-03-24
1084,Client_84,user_84@bankdomain.com,52,12319.78,575,2020-03-25
1085,Client_85,user_85@bankdomain.com,52,11708.54,500,2020-03-26
1086,Client_86,user_86@bankdomain.com,50,41549.78,744,2020-03-27
1087,Client_87,user_87@bankdomain.com,22,17957.21,623,2020-03-28
1088,Client_88,user_88@bankdomain.com,58,15553.09,334,2020-03-29
1089,Client_89,user_89@bankdomain.com,45,48029.12,781,2020-03-30
1090,Client_90,user_90@bankdomain.com,24,34857.23,779,2020-03-31
1091,Client_91,user_91@bankdomain.com,89,19055.35,364,2020-04-01
1092,Client_92,user_92@bankdomain.com,29,27175.08,307,2020-04-02
1093,Client_93,user_93@bankdomain.com,51,44458.71,600,2020-04-03
1094,Client_94,user_94@bankdomain.com,50,31916.21,642,2020-04-04
1095,Client_95,user_95@bankdomain.com,65,37861.48,730,2020-04-05
1096,Client_96,user_96@bankdomain.com,40,33048.03,723,2020-04-06
1097,Client_97,user_97@bankdomain.com,79,34302.53,631,2020-04-07
1098,Client_98,user_98@bankdomain.com,54,25397.42,737,2020-04-08
1099,Client_99,user_99@bankdomain.com,61,25113.48,473,2020-04-09
1100,Client_100,user_100@bankdomain.com,52,27670.5,900,2020-04-10
1101,Client_101,user_101@bankdomain.com,82,32344.53,900,2020-04-11
1102,Client_102,user_102@bankdomain.com,64,22166.85,900,2020-04-12
1103,Client_103,user_103@bankdomain.com,20,26220.54,900,2020-04-13
1104,Client_104,user_104@bankdomain.com,18,21896.54,900,2020-04-14
1105,Client_105,user_105@bankdomain.com,22,26156.85,900,2020-04-15
1106,Client_106,user_106@bankdomain.com,31,12490.04,900,2020-04-16
1107,Client_107,user_107@bankdomain.com,44,51059.77,900,2020-04-17
1108,Client_108,user_108@bankdomain.com,26,17670.6,900,2020-04-18
1109,Client_109,user_109@bankdomain.com,32,21385.39,900,2020-04-19
1110,Client_110,user_110@bankdomain.com,59,16807.36,900,2020-04-20
1111,Client_111,user_111@bankdomain.com,68,31157.09,0,2020-04-21
1112,Client_112,user_112@bankdomain.com,80,23039.97,0,2020-04-22
1113,Client_113,user_113@bankdomain.com,69,15361.92,0,2020-04-23
1114,Client_114,user_114@bankdomain.com,21,31568.83,0,2020-04-24
1115,Client_115,user_115@bankdomain.com,40,32916.49,0,2020-04-25
1116,Client_116,user_116@bankdomain.com,32,24331.24,461,2020-04-26
1117,Client_117,user_117@bankdomain.com,60,18363.74,646,2020-04-27
1118,Client_118,user_118@bankdomain.com,46,46910.66,660,2020-04-28
1119,Client_119,user_119@bankdomain.com,53,28400.68,386,2020-04-29
1120,Client_120,user_120@bankdomain.com,30,12259.31,561,2020-04-30
1121,Client_121,user_121@bankdomain.com,49,39140.4,513,2020-05-01
1122,Client_122,user_122@bankdomain.com,88,16442.25,561,2020-05-02
1123,Client_123,user_123@bankdomain.com,76,52418.78,582,2020-05-03
1124,Client_124,user_124@bankdomain.com,45,25796.58,766,2020-05-04
1125,Client_125,user_125@bankdomain.com,83,35133.16,679,2020-05-05
1126,Client_126,user_126@bankdomain.com,59,4199.82,661,2020-05-06
1127,Client_127,user_127@bankdomain.com,62,12158.59,748,2020-05-07
1128,Client_128,user_128@bankdomain.com,79,38338.6,740,2020-05-08
1129,Client_129,user_129@bankdomain.com,74,28178.15,392,2020-05-09
1130,Client_130,user_130@bankdomain.com,23,45423.96,723,2020-05-10
1131,Client_131,user_131@bankdomain.com,45,29851.75,441,2020-05-11
1132,Client_132,user_132@bankdomain.com,45,26452.96,590,2020-05-12
1133,Client_133,user_133@bankdomain.com,61,42135.74,731,2020-05-13
1134,Client_134,user_134@bankdomain.com,47,35101.37,348,2020-05-14
1135,Client_135,user_135@bankdomain.com,79,23037.39,601,2020-05-15
1136,Client_136,user_136@bankdomain.com,79,14058.96,489,2020-05-16
1137,Client_137,user_137@bankdomain.com,18,1283.84,435,2020-05-17
1138,Client_138,user_138@bankdomain.com,44,20623.34,703,2020-05-18
1139,Client_139,user_139@bankdomain.com,79,13136.65,640,2020-05-19
1140,Client_140,user_140@bankdomain.com,20,50977.05,617,2020-05-20
1141,Client_141,user_141@bankdomain.com,87,18496.29,662,2020-05-21
1142,Client_142,user_142@bankdomain.com,89,18222.91,681,2020-05-22
1143,Client_143,user_143@bankdomain.com,44,9787.55,532,2020-05-23
1144,Client_144,user_144@bankdomain.com,26,22336.83,643,2020-05-24
1145,Client_145,user_145@bankdomain.com,79,18354.65,848,2020-05-25
1146,Client_146,user_146@bankdomain.com,54,42377.29,828,2020-05-26
1147,Client_147,user_147@bankdomain.com,68,26684.76,482,2020-05-27
1148,Client_148,user_148@bankdomain.com,61,24911.36,340,2020-05-28
1149,Client_149,user_149@bankdomain.com,41,23653.27,696,2020-05-29
1150,Client_150,user_150@bankdomain.com,76,32861.75,793,2020-05-30
1151,Client_151,user_151@bankdomain.com,49,20476.72,632,2020-05-31
1152,Client_152,user_152@bankdomain.com,69,31672.06,426,2020-06-01
1153,Client_153,user_153@bankdomain.com,79,41139.7,300,2020-06-02
1154,Client_154,user_154@bankdomain.com,75,29600.75,467,2020-06-03
1155,Client_155,user_155@bankdomain.com,69,22502.69,318,2020-06-04
1156,Client_156,user_156@bankdomain.com,29,15465.41,631,2020-06-05
1157,Client_157,user_157@bankdomain.com,56,22248.76,755,2020-06-06
1158,Client_158,user_158@bankdomain.com,19,30630.79,408,2020-06-07
1159,Client_159,user_159@bankdomain.com,20,9674.73,567,2020-06-08
1160,Client_160,user_160@bankdomain.com,73,33315.43,744,2020-06-09
1161,Client_161,user_161@bankdomain.com,76,27076.13,539,2020-06-10
1162,Client_162,user_162@bankdomain.com,19,23508.11,600,2020-06-11
1163,Client_163,user_163@bankdomain.com,19,18405.87,402,2020-06-12
1164,Client_164,user_164@bankdomain.com,71,20236.22,549,2020-06-13
1165,Client_165,user_165@bankdomain.com,18,30973.06,752,2020-06-14
1166,Client_166,user_166@bankdomain.com,36,23717.88,819,2020-06-15
1167,Client_167,user_167@bankdomain.com,19,19988.6,452,2020-06-16
1168,Client_168,user_168@bankdomain.com,70,29685.63,473,2020-06-17
1169,Client_169,user_169@bankdomain.com,61,30081.9,642,2020-06-18
1170,Client_170,user_170@bankdomain.com,49,12508.25,730,2020-06-19
1171,Client_171,user_171@bankdomain.com,87,30714.81,623,2020-06-20
1172,Client_172,user_172@bankdomain.com,49,50016.98,719,2020-06-21
1173,Client_173,user_173@bankdomain.com,85,29696.21,784,2020-06-22
1174,Client_174,user_174@bankdomain.com,72,8009.93,711,2020-06-23
1175,Client_175,user_175@bankdomain.com,73,26773.75,383,2020-06-24
1176,Client_176,user_176@bankdomain.com,34,6691.85,412,2020-06-25
1177,Client_177,user_177@bankdomain.com,55,56673.72,631,2020-06-26
1178,Client_178,user_178@bankdomain.com,41,47356.75,677,2020-06-27
1179,Client_179,user_179@bankdomain.com,86,18340.62,340,2020-06-28
1180,Client_180,user_180@bankdomain.com,87,2543.33,404,2020-06-29
1181,Client_181,user_181@bankdomain.com,28,16216.29,501,2020-06-30
1182,Client_182,user_182@bankdomain.com,33,23190.09,749,2020-07-01
1183,Client_183,user_183@bankdomain.com,76,7381.36,565,2020-07-02
1184,Client_184,user_184@bankdomain.com,87,24309.77,509,2020-07-03
1185,Client_185,user_185@bankdomain.com,20,23124.21,417,2020-07-04
1186,Client_186,user_186@bankdomain.com,37,26251.55,676,2020-07-05
1187,Client_187,user_187@bankdomain.com,76,27296.45,839,2020-07-06
1188,Client_188,user_188@bankdomain.com,53,15343.82,383,2020-07-07
1189,Client_189,user_189@bankdomain.com,36,16465.86,753,2020-07-08
1190,Client_190,user_190@bankdomain.com,84,25455.92,813,2020-07-09
1191,Client_191,user_191@bankdomain.com,36,18690.08,686,2020-07-10
1192,Client_192,user_192@bankdomain.com,37,34074.95,649,2020-07-11
1193,Client_193,user_193@bankdomain.com,88,25358.95,595,2020-07-12
1194,Client_194,user_194@bankdomain.com,69,43650.03,557,2020-07-13
1195,Client_195,user_195@bankdomain.com,50,33204.82,380,2020-07-14
1196,Client_196,user_196@bankdomain.com,57,36037.14,567,2020-07-15
1197,Client_197,user_197@bankdomain.com,56,26325.66,718,2020-07-16
1198,Client_198,user_198@bankdomain.com,18,26573.62,534,2020-07-17
1199,Client_199,user_199@bankdomain.com,28,42313.21,610,2020-07-18
1200,Client_200,user_200@bankdomain.com,74,21217.07,656,2020-07-19
1201,Client_201,user_201@bankdomain.com,67,30467.79,512,2020-07-20
1202,Client_202,user_202@bankdomain.com,40,22337.62,348,2020-07-21
1203,Client_203,user_203@bankdomain.com,48,22313.64,426,2020-07-22
1204,Client_204,user_204@bankdomain.com,59,13311.04,522,2020-07-23
1205,Client_205,user_205@bankdomain.com,24,17574.86,578,2020-07-24
1206,Client_206,user_206@bankdomain.com,33,15717.31,707,2020-07-25
1207,Client_207,user_207@bankdomain.com,77,30943.69,804,2020-07-26
1208,Client_208,user_208@bankdomain.com,19,35402.06,593,2020-07-27
1209,Client_209,user_209@bankdomain.com,18,24052.47,576,2020-07-28
1210,Client_210,user_210@bankdomain.com,65,27296.28,737,2020-07-29
1211,Client_211,user_211@bankdomain.com,29,23475.29,406,2020-07-30
1212,Client_212,user_212@bankdomain.com,86,16892.24,719,2020-07-31
1213,Client_213,user_213@bankdomain.com,54,33622.63,728,2020-08-01
1214,Client_214,user_214@bankdomain.com,49,31525.35,674,2020-08-02
1215,Client_215,user_215@bankdomain.com,26,6074.54,372,2020-08-03
1216,Client_216,user_216@bankdomain.com,36,22168.91,329,2020-08-04
1217,Client_217,user_217@bankdomain.com,65,16179.73,487,2020-08-05
1218,Client_218,user_218@bankdomain.com,20,21090.61,663,2020-08-06
1219,Client_219,user_219@bankdomain.com,37,18295.68,750,2020-08-07
1220,Client_220,user_220@bankdomain.com,41,24535.8,494,2020-08-08
1221,Client_221,user_221@bankdomain.com,71,21700.85,455,2020-08-09
1222,Client_222,user_222@bankdomain.com,50,21488.59,471,2020-08-10
1223,Client_223,user_223@bankdomain.com,41,36073.88,340,2020-08-11
1224,Client_224,user_224@bankdomain.com,89,30571.79,362,2020-08-12
1225,Client_225,user_225@bankdomain.com,53,17961.05,322,2020-08-13
1226,Client_226,user_226@bankdomain.com,55,19444.53,659,2020-08-14
1227,Client_227,user_227@bankdomain.com,42,29917.93,374,2020-08-15
1228,Client_228,user_228@bankdomain.com,35,29904.2,417,2020-08-16
1229,Client_229,user_229@bankdomain.com,83,18962.2,679,2020-08-17
1230,Client_230,user_230@bankdomain.com,71,22660.09,589,2020-08-18
1231,Client_231,user_231@bankdomain.com,52,43468.06,739,2020-08-19
1232,Client_232,user_232@bankdomain.com,78,19134.52,306,2020-08-20
1233,Client_233,user_233@bankdomain.com,58,44108.05,495,2020-08-21
1234,Client_234,user_234@bankdomain.com,50,36036.67,720,2020-08-22
1235,Client_235,user_235@bankdomain.com,85,42254.16,492,2020-08-23
1236,Client_236,user_236@bankdomain.com,50,18709.28,447,2020-08-24
1237,Client_237,user_237@bankdomain.com,31,23314.44,501,2020-08-25
1238,Client_238,user_238@bankdomain.com,38,20508.36,743,2020-08-26
1239,Client_239,user_239@bankdomain.com,65,36267.53,718,2020-08-27
1240,Client_240,user_240@bankdomain.com,37,19323.16,726,2020-08-28
1241,Client_241,user_241@bankdomain.com,25,32312.15,778,2020-08-29
1242,Client_242,user_242@bankdomain.com,24,31782.99,774,2020-08-30
1243,Client_243,user_243@bankdomain.com,84,24519.7,425,2020-08-31
1244,Client_244,user_244@bankdomain.com,34,37986.6,694,2020-09-01
1245,Client_245,user_245@bankdomain.com,50,26076.8,624,2020-09-02
1246,Client_246,user_246@bankdomain.com,65,33340.86,691,2020-09-03
1247,Client_247,user_247@bankdomain.com,76,20052.97,739,2020-09-04
1248,Client_248,user_248@bankdomain.com,39,17765.63,503,2020-09-05
1249,Client_249,user_249@bankdomain.com,47,32311.46,785,2020-09-06
1250,Client_250,user_250@bankdomain.com,55,29308.4,330,2020-09-07
1251,Client_251,user_251@bankdomain.com,68,27433.08,687,2020-09-08
1252,Client_252,user_252@bankdomain.com,71,21563.12,733,2020-09-09
1253,Client_253,user_253@bankdomain.com,25,40492.09,675,2020-09-10
1254,Client_254,user_254@bankdomain.com,44,13834.14,643,2020-09-11
1255,Client_255,user_255@bankdomain.com,44,13286.57,742,2020-09-12
1256,Client_256,user_256@bankdomain.com,38,34421.67,374,2020-09-13
1257,Client_257,user_257@bankdomain.com,47,33600.96,454,2020-09-14
1258,Client_258,user_258@bankdomain.com,45,28537.63,729,2020-09-15
1259,Client_259,user_259@bankdomain.com,81,22120.48,662,2020-09-16
1260,Client_260,user_260@bankdomain.com,86,30024.22,747,2020-09-17
1261,Client_261,user_261@bankdomain.com,78,42208.3,533,2020-09-18
1262,Client_262,user_262@bankdomain.com,65,50155.46,561,2020-09-19
1263,Client_263,user_263@bankdomain.com,36,8435.86,424,2020-09-20
1264,Client_264,user_264@bankdomain.com,21,20810.8,544,2020-09-21
1265,Client_265,user_265@bankdomain.com,52,20182.27,841,2020-09-22
1266,Client_266,user_266@bankdomain.com,81,41265.19,784,2020-09-23
1267,Client_267,user_267@bankdomain.com,66,187.05,421,2020-09-24
1268,Client_268,user_268@bankdomain.com,34,30138.35,424,2020-09-25
1269,Client_269,user_269@bankdomain.com,61,22431.9,848,2020-09-26
1270,Client_270,user_270@bankdomain.com,47,41381.13,469,2020-09-27
1271,Client_271,user_271@bankdomain.com,63,40010.39,423,2020-09-28
1272,Client_272,user_272@bankdomain.com,23,28655.07,334,2020-09-29
1273,Client_273,user_273@bankdomain.com,54,9202.77,386,2020-09-30
1274,Client_274,user_274@bankdomain.com,41,19261.11,500,2020-10-01
1275,Client_275,user_275@bankdomain.com,63,20356.09,668,2020-10-02
1276,Client_276,user_276@bankdomain.com,70,11735.45,376,2020-10-03
1277,Client_277,user_277@bankdomain.com,77,36545.84,358,2020-10-04
1278,Client_278,user_278@bankdomain.com,80,10465.74,730,2020-10-05
1279,Client_279,user_279@bankdomain.com,49,44653.28,799,2020-10-06
1280,Client_280,user_280@bankdomain.com,50,44628.23,408,2020-10-07
1281,Client_281,user_281@bankdomain.com,84,21149.4,577,2020-10-08
1282,Client_282,user_282@bankdomain.com,35,28284.95,367,2020-10-09
1283,Client_283,user_283@bankdomain.com,42,24277.17,368,2020-10-10
1284,Client_284,user_284@bankdomain.com,71,34018.25,464,2020-10-11
1285,Client_285,user_285@bankdomain.com,75,37746.77,788,2020-10-12
1286,Client_286,user_286@bankdomain.com,84,27579.97,604,2020-10-13
1287,Client_287,user_287@bankdomain.com,63,29691.17,664,2020-10-14
1288,Client_288,user_288@bankdomain.com,41,18793.96,678,2020-10-15
1289,Client_289,user_289@bankdomain.com,49,29367.14,642,2020-10-16
1290,Client_290,user_290@bankdomain.com,64,26627.62,653,2020-10-17
1291,Client_291,user_291@bankdomain.com,40,15882.06,715,2020-10-18
1292,Client_292,user_292@bankdomain.com,83,24859.63,408,2020-10-19
1293,Client_293,user_293@bankdomain.com,44,21168.17,796,2020-10-20
1294,Client_294,user_294@bankdomain.com,19,18905.04,640,2020-10-21
1295,Client_295,user_295@bankdomain.com,34,13535.09,682,2020-10-22
1296,Client_296,user_296@bankdomain.com,50,25625.03,832,2020-10-23
1297,Client_297,user_297@bankdomain.com,26,17195.26,599,2020-10-24
1298,Client_298,user_298@bankdomain.com,60,20288.92,438,2020-10-25
1299,Client_299,user_299@bankdomain.com,65,35751.24,658,2020-10-26
1300,Client_300,user_300@bankdomain.com,56,31321.16,798,2020-10-27
1301,Client_301,user_301@bankdomain.com,59,15212.33,684,2020-10-28
1302,Client_302,user_302@bankdomain.com,43,28518.91,579,2020-10-29
1303,Client_303,user_303@bankdomain.com,67,26327.81,782,2020-10-30
1304,Client_304,user_304@bankdomain.com,42,42016.96,410,2020-10-31
1305,Client_305,user_305@bankdomain.com,41,38831.45,438,2020-11-01
1306,Client_306,user_306@bankdomain.com,30,9662.51,734,2020-11-02
1307,Client_307,user_307@bankdomain.com,77,33611.28,808,2020-11-03
1308,Client_308,user_308@bankdomain.com,24,37651.97,572,2020-11-04
1309,Client_309,user_309@bankdomain.com,74,30593.59,398,2020-11-05
1310,Client_310,user_310@bankdomain.com,53,21645.88,403,2020-11-06
1311,Client_311,user_311@bankdomain.com,62,49133.94,513,2020-11-07
1312,Client_312,user_312@bankdomain.com,37,31514.09,464,2020-11-08
1313,Client_313,user_313@bankdomain.com,82,44765.44,819,2020-11-09
1314,Client_314,user_314@bankdomain.com,25,38514.78,583,2020-11-10
1315,Client_315,user_315@bankdomain.com,33,29641.35,816,2020-11-11
1316,Client_316,user_316@bankdomain.com,31,19202.99,463,2020-11-12
1317,Client_317,user_317@bankdomain.com,32,24758.95,363,2020-11-13
1318,Client_318,user_318@bankdomain.com,83,22780.88,390,2020-11-14
1319,Client_319,user_319@bankdomain.com,49,12854.81,416,2020-11-15
1320,Client_320,user_320@bankdomain.com,80,31502.82,566,2020-11-16
1321,Client_321,user_321@bankdomain.com,68,40673.53,439,2020-11-17
1322,Client_322,user_322@bankdomain.com,42,22016.97,545,2020-11-18
1323,Client_323,user_323@bankdomain.com,75,46636.56,694,2020-11-19
1324,Client_324,user_324@bankdomain.com,80,9424.17,786,2020-11-20
1325,Client_325,user_325@bankdomain.com,79,35543.64,775,2020-11-21
1326,Client_326,user_326@bankdomain.com,39,41715.2,816,2020-11-22
1327,Client_327,user_327@bankdomain.com,75,22959.69,483,2020-11-23
1328,Client_328,user_328@bankdomain.com,75,23139.43,319,2020-11-24
1329,Client_329,user_329@bankdomain.com,66,35427.65,823,2020-11-25
1330,Client_330,user_330@bankdomain.com,69,30059.91,828,2020-11-26
1331,Client_331,user_331@bankdomain.com,59,5025.89,446,2020-11-27
1332,Client_332,user_332@bankdomain.com,87,16566.27,603,2020-11-28
1333,Client_333,user_333@bankdomain.com,32,24864.5,527,2020-11-29
1334,Client_334,user_334@bankdomain.com,71,11303.02,401,2020-11-30
1335,Client_335,user_335@bankdomain.com,77,20258.26,716,2020-12-01
1336,Client_336,user_336@bankdomain.com,25,11553.15,515,2020-12-02
1337,Client_337,user_337@bankdomain.com,70,21298.29,706,2020-12-03
1338,Client_338,user_338@bankdomain.com,77,21633.77,698,2020-12-04
1339,Client_339,user_339@bankdomain.com,22,28517.55,798,2020-12-05
1340,Client_340,user_340@bankdomain.com,85,24082.41,764,2020-12-06
1341,Client_341,user_341@bankdomain.com,23,30027.9,381,2020-12-07
1342,Client_342,user_342@bankdomain.com,64,28835.44,664,2020-12-08
1343,Client_343,user_343@bankdomain.com,72,35313.4,462,2020-12-09
1344,Client_344,user_344@bankdomain.com,57,33737.83,347,2020-12-10
1345,Client_345,user_345@bankdomain.com,69,32681.24,810,2020-12-11
1346,Client_346,user_346@bankdomain.com,33,56048.67,628,2020-12-12
1347,Client_347,user_347@bankdomain.com,30,28474.03,415,2020-12-13
1348,Client_348,user_348@bankdomain.com,47,50935.72,636,2020-12-14
1349,Client_349,user_349@bankdomain.com,36,29122.18,446,2020-12-15
1350,Client_350,user_350@bankdomain.com,34,24171.49,622,2020-12-16
1351,Client_351,user_351@bankdomain.com,80,21268.35,742,2020-12-17
1352,Client_352,user_352@bankdomain.com,36,40097.26,312,2020-12-18
1353,Client_353,user_353@bankdomain.com,75,41405.03,793,2020-12-19
1354,Client_354,user_354@bankdomain.com,72,30997.84,586,2020-12-20
1355,Client_355,user_355@bankdomain.com,79,36335.47,413,2020-12-21
1356,Client_356,user_356@bankdomain.com,40,12227.8,779,2020-12-22
1357,Client_357,user_357@bankdomain.com,26,9512.2,321,2020-12-23
1358,Client_358,user_358@bankdomain.com,29,37463.27,648,2020-12-24
1359,Client_359,user_359@bankdomain.com,18,23731.89,619,2020-12-25
1360,Client_360,user_360@bankdomain.com,75,32493.02,425,2020-12-26
1361,Client_361,user_361@bankdomain.com,18,17827.12,576,2020-12-27
1362,Client_362,user_362@bankdomain.com,51,41569.88,503,2020-12-28
1363,Client_363,user_363@bankdomain.com,65,9595.81,493,2020-12-29
1364,Client_364,user_364@bankdomain.com,18,11144.15,846,2020-12-30
1365,Client_365,user_365@bankdomain.com,33,39443.12,585,2020-12-31
1366,Client_366,user_366@bankdomain.com,78,-1098.42,356,2021-01-01
1367,Client_367,user_367@bankdomain.com,81,28785.69,602,2021-01-02
1368,Client_368,user_368@bankdomain.com,80,23926.74,462,2021-01-03
1369,Client_369,user_369@bankdomain.com,86,17640.48,318,2021-01-04
1370,Client_370,user_370@bankdomain.com,39,23000.6,669,2021-01-05
1371,Client_371,user_371@bankdomain.com,84,16524.77,563,2021-01-06
1372,Client_372,user_372@bankdomain.com,43,40422.56,412,2021-01-07
1373,Client_373,user_373@bankdomain.com,33,43044.97,787,2021-01-08
1374,Client_374,user_374@bankdomain.com,68,18142.62,626,2021-01-09
1375,Client_375,user_375@bankdomain.com,74,27755.25,841,2021-01-10
1376,Client_376,user_376@bankdomain.com,46,11749.24,364,2021-01-11
1377,Client_377,user_377@bankdomain.com,86,35730.52,591,2021-01-12
1378,Client_378,user_378@bankdomain.com,64,35470.09,324,2021-01-13
1379,Client_379,user_379@bankdomain.com,79,22047.38,848,2021-01-14
1380,Client_380,user_380@bankdomain.com,86,25168.85,300,2021-01-15
1381,Client_381,user_381@bankdomain.com,33,24062.35,848,2021-01-16
1382,Client_382,user_382@bankdomain.com,65,8815.42,440,2021-01-17
1383,Client_383,user_383@bankdomain.com,56,40460.04,487,2021-01-18
1384,Client_384,user_384@bankdomain.com,50,17330.47,427,2021-01-19
1385,Client_385,user_385@bankdomain.com,40,17398.51,500,2021-01-20
1386,Client_386,user_386@bankdomain.com,27,23495.8,426,2021-01-21
1387,Client_387,user_387@bankdomain.com,86,34955.49,556,2021-01-22
1388,Client_388,user_388@bankdomain.com,51,19086.97,846,2021-01-23
1389,Client_389,user_389@bankdomain.com,69,5478.15,493,2021-01-24
1390,Client_390,user_390@bankdomain.com,27,16130.02,403,2021-01-25
1391,Client_391,user_391@bankdomain.com,36,29241.4,834,2021-01-26
1392,Client_392,user_392@bankdomain.com,75,46897.5,564,2021-01-27
1393,Client_393,user_393@bankdomain.com,18,12400.8,683,2021-01-28
1394,Client_394,user_394@bankdomain.com,86,12034.98,559,2021-01-29
1395,Client_395,user_395@bankdomain.com,21,9874.04,713,2021-01-30
1396,Client_396,user_396@bankdomain.com,33,8632.75,657,2021-01-31
1397,Client_397,user_397@bankdomain.com,41,37056.91,374,2021-02-01
1398,Client_398,user_398@bankdomain.com,19,39946.89,654,2021-02-02
1399,Client_399,user_399@bankdomain.com,49,26777.56,487,2021-02-03
1400,Client_400,user_400@bankdomain.com,41,20322.87,589,2021-02-04
1401,Client_401,user_401@bankdomain.com,29,42911.44,344,2021-02-05
1402,Client_402,user_402@bankdomain.com,67,26739.08,382,2021-02-06
1403,Client_403,user_403@bankdomain.com,52,35894.37,422,2021-02-07
1404,Client_404,user_404@bankdomain.com,50,19835.51,657,2021-02-08
1405,Client_405,user_405@bankdomain.com,50,25442.44,827,2021-02-09
1406,Client_406,user_406@bankdomain.com,78,12626.58,365,2021-02-10
1407,Client_407,user_407@bankdomain.com,68,31292.49,674,2021-02-11
1408,Client_408,user_408@bankdomain.com,60,26909.38,461,2021-02-12
1409,Client_409,user_409@bankdomain.com,29,16054.37,679,2021-02-13
1410,Client_410,user_410@bankdomain.com,84,16188.93,657,2021-02-14
1411,Client_411,user_411@bankdomain.com,82,41159.59,487,2021-02-15
1412,Client_412,user_412@bankdomain.com,50,44716.69,621,2021-02-16
1413,Client_413,user_413@bankdomain.com,57,22868.65,749,2021-02-17
1414,Client_414,user_414@bankdomain.com,60,25677.54,773,2021-02-18
1415,Client_415,user_415@bankdomain.com,61,29001.14,312,2021-02-19
1416,Client_416,user_416@bankdomain.com,46,26480.32,483,2021-02-20
1417,Client_417,user_417@bankdomain.com,30,8257.02,410,2021-02-21
1418,Client_418,user_418@bankdomain.com,29,29278.71,807,2021-02-22
1419,Client_419,user_419@bankdomain.com,63,4121.11,589,2021-02-23
1420,Client_420,user_420@bankdomain.com,19,17673.16,594,2021-02-24
1421,Client_421,user_421@bankdomain.com,52,30054.27,750,2021-02-25
1422,Client_422,user_422@bankdomain.com,25,30999.94,514,2021-02-26
1423,Client_423,user_423@bankdomain.com,43,16899.27,326,2021-02-27
1424,Client_424,user_424@bankdomain.com,51,20415.63,530,2021-02-28
1425,Client_425,user_425@bankdomain.com,24,19061.63,620,2021-03-01
1426,Client_426,user_426@bankdomain.com,85,23971.56,532,2021-03-02
1427,Client_427,user_427@bankdomain.com,75,24732.06,736,2021-03-03
1428,Client_428,user_428@bankdomain.com,46,31684.68,832,2021-03-04
1429,Client_429,user_429@bankdomain.com,53,19831.03,702,2021-03-05
1430,Client_430,user_430@bankdomain.com,38,28733.96,352,2021-03-06
1431,Client_431,user_431@bankdomain.com,53,30070.16,612,2021-03-07
1432,Client_432,user_432@bankdomain.com,27,26982.89,580,2021-03-08
1433,Client_433,user_433@bankdomain.com,41,22403.94,330,2021-03-09
1434,Client_434,user_434@bankdomain.com,81,26806.45,636,2021-03-10
1435,Client_435,user_435@bankdomain.com,66,32517.4,482,2021-03-11
1436,Client_436,user_436@bankdomain.com,53,33391.85,322,2021-03-12
1437,Client_437,user_437@bankdomain.com,41,43153.73,843,2021-03-13
1438,Client_438,user_438@bankdomain.com,40,15099.74,745,2021-03-14
1439,Client_439,user_439@bankdomain.com,79,20599.93,373,2021-03-15
1440,Client_440,user_440@bankdomain.com,54,8865.31,309,2021-03-16
1441,Client_441,user_441@bankdomain.com,29,34310.09,783,2021-03-17
1442,Client_442,user_442@bankdomain.com,72,21654.92,755,2021-03-18
1443,Client_443,user_443@bankdomain.com,30,27061.91,459,2021-03-19
1444,Client_444,user_444@bankdomain.com,40,18956.61,313,2021-03-20
1445,Client_445,user_445@bankdomain.com,47,21732.96,477,2021-03-21
1446,Client_446,user_446@bankdomain.com,34,37231.9,711,2021-03-22
1447,Client_447,user_447@bankdomain.com,79,31942.33,352,2021-03-23
1448,Client_448,user_448@bankdomain.com,30,23884.78,707,2021-03-24
1449,Client_449,user_449@bankdomain.com,76,32678.14,321,2021-03-25
1450,Client_450,user_450@bankdomain.com,36,32899.0,329,2021-03-26
1451,Client_451,user_451@bankdomain.com,66,21085.74,559,2021-03-27
1452,Client_452,user_452@bankdomain.com,29,10309.2,504,2021-03-28
1453,Client_453,user_453@bankdomain.com,78,16008.38,358,2021-03-29
1454,Client_454,user_454@bankdomain.com,36,11594.71,770,2021-03-30
1455,Client_455,user_455@bankdomain.com,26,36644.35,765,2021-03-31
1456,Client_456,user_456@bankdomain.com,88,38381.15,311,2021-04-01
1457,Client_457,user_457@bankdomain.com,45,40863.74,589,2021-04-02
1458,Client_458,user_458@bankdomain.com,69,4804.44,653,2021-04-03
1459,Client_459,user_459@bankdomain.com,33,35714.01,374,2021-04-04
1460,Client_460,user_460@bankdomain.com,86,47121.91,740,2021-04-05
1461,Client_461,user_461@bankdomain.com,29,36119.88,540,2021-04-06
1462,Client_462,user_462@bankdomain.com,42,3487.7,453,2021-04-07
1463,Client_463,user_463@bankdomain.com,69,42682.98,395,2021-04-08
1464,Client_464,user_464@bankdomain.com,70,25416.89,593,2021-04-09
1465,Client_465,user_465@bankdomain.com,40,22676.01,508,2021-04-10
1466,Client_466,user_466@bankdomain.com,33,29510.95,642,2021-04-11
1467,Client_467,user_467@bankdomain.com,74,14509.93,387,2021-04-12
1468,Client_468,user_468@bankdomain.com,56,25027.82,689,2021-04-13
1469,Client_469,user_469@bankdomain.com,70,41204.3,624,2021-04-14
1470,Client_470,user_470@bankdomain.com,59,31223.97,456,2021-04-15
1471,Client_471,user_471@bankdomain.com,75,25584.01,436,2021-04-16
1472,Client_472,user_472@bankdomain.com,56,25896.08,727,2021-04-17
1473,Client_473,user_473@bankdomain.com,31,13186.06,751,2021-04-18
1474,Client_474,user_474@bankdomain.com,22,23500.12,440,2021-04-19
1475,Client_475,user_475@bankdomain.com,52,8657.05,382,2021-04-20
1476,Client_476,user_476@bankdomain.com,35,35224.41,476,2021-04-21
1477,Client_477,user_477@bankdomain.com,26,3142.9,497,2021-04-22
1478,Client_478,user_478@bankdomain.com,75,33549.0,720,2021-04-23
1479,Client_479,user_479@bankdomain.com,34,34794.11,700,2021-04-24
1480,Client_480,user_480@bankdomain.com,24,38187.65,770,2021-04-25
1481,Client_481,user_481@bankdomain.com,63,25868.59,517,2021-04-26
1482,Client_482,user_482@bankdomain.com,30,34166.28,474,2021-04-27
1483,Client_483,user_483@bankdomain.com,57,23402.53,322,2021-04-28
1484,Client_484,user_484@bankdomain.com,59,13133.03,534,2021-04-29
1485,Client_485,user_485@bankdomain.com,26,40307.32,312,2021-04-30
1486,Client_486,user_486@bankdomain.com,67,24031.14,400,2021-05-01
1487,Client_487,user_487@bankdomain.com,44,10904.89,835,2021-05-02
1488,Client_488,user_488@bankdomain.com,83,20331.85,822,2021-05-03
1489,Client_489,user_489@bankdomain.com,22,20726.75,751,2021-05-04
1490,Client_490,user_490@bankdomain.com,46,29616.97,730,2021-05-05
1491,Client_491,user_491@bankdomain.com,54,48470.47,832,2021-05-06
1492,Client_492,user_492@bankdomain.com,55,30224.19,592,2021-05-07
1493,Client_493,user_493@bankdomain.com,25,27068.44,400,2021-05-08
1494,Client_494,user_494@bankdomain.com,82,49557.76,801,2021-05-09
1495,Client_495,user_495@bankdomain.com,34,34788.94,603,2021-05-10
1496,Client_496,user_496@bankdomain.com,88,27542.49,839,2021-05-11
1497,Client_497,user_497@bankdomain.com,62,20205.88,654,2021-05-12
1498,Client_498,user_498@bankdomain.com,21,28162.0,602,2021-05-13
1499,Client_499,user_499@bankdomain.com,53,24336.1,795,2021-05-14
1500,Client_500,user_500@bankdomain.com,87,25914.34,526,2021-05-15
1501,Client_501,user_501@bankdomain.com,48,38144.02,535,2021-05-16
1502,Client_502,user_502@bankdomain.com,36,19596.78,754,2021-05-17
1503,Client_503,user_503@bankdomain.com,78,30135.41,312,2021-05-18
1504,Client_504,user_504@bankdomain.com,71,34489.4,509,2021-05-19
1505,Client_505,user_505@bankdomain.com,56,18378.87,696,2021-05-20
1506,Client_506,user_506@bankdomain.com,36,16773.79,399,2021-05-21
1507,Client_507,user_507@bankdomain.com,56,23496.58,330,2021-05-22
1508,Client_508,user_508@bankdomain.com,84,20383.7,827,2021-05-23
1509,Client_509,user_509@bankdomain.com,62,36523.33,628,2021-05-24
1510,Client_510,user_510@bankdomain.com,30,14982.32,465,2021-05-25
1511,Client_511,user_511@bankdomain.com,75,25684.71,758,2021-05-26
1512,Client_512,user_512@bankdomain.com,37,50460.48,399,2021-05-27
1513,Client_513,user_513@bankdomain.com,89,29130.57,472,2021-05-28
1514,Client_514,user_514@bankdomain.com,78,30792.9,461,2021-05-29
1515,Client_515,user_515@bankdomain.com,56,36606.82,562,2021-05-30
1516,Client_516,user_516@bankdomain.com,18,20370.51,573,2021-05-31
1517,Client_517,user_517@bankdomain.com,20,14185.8,302,2021-06-01
1518,Client_518,user_518@bankdomain.com,79,26765.11,327,2021-06-02
1519,Client_519,user_519@bankdomain.com,80,27654.04,625,2021-06-03
1520,Client_520,user_520@bankdomain.com,42,8817.89,448,2021-06-04
1521,Client_521,user_521@bankdomain.com,73,28750.72,839,2021-06-05
1522,Client_522,user_522@bankdomain.com,50,35698.5,787,2021-06-06
1523,Client_523,user_523@bankdomain.com,55,15870.52,737,2021-06-07
1524,Client_524,user_524@bankdomain.com,23,29355.56,364,2021-06-08
1525,Client_525,user_525@bankdomain.com,75,33922.64,655,2021-06-09
1526,Client_526,user_526@bankdomain.com,61,30866.78,832,2021-06-10
1527,Client_527,user_527@bankdomain.com,62,31810.06,551,2021-06-11
1528,Client_528,user_528@bankdomain.com,49,22552.0,534,2021-06-12
1529,Client_529,user_529@bankdomain.com,62,13724.96,526,2021-06-13
1530,Client_530,user_530@bankdomain.com,78,20528.54,824,2021-06-14
1531,Client_531,user_531@bankdomain.com,64,19139.43,612,2021-06-15
1532,Client_532,user_532@bankdomain.com,38,24197.41,348,2021-06-16
1533,Client_533,user_533@bankdomain.com,53,35932.71,417,2021-06-17
1534,Client_534,user_534@bankdomain.com,36,11881.6,353,2021-06-18
1535,Client_535,user_535@bankdomain.com,37,26442.5,343,2021-06-19
1536,Client_536,user_536@bankdomain.com,74,14365.98,352,2021-06-20
1537,Client_537,user_537@bankdomain.com,35,17599.53,824,2021-06-21
1538,Client_538,user_538@bankdomain.com,64,30587.41,401,2021-06-22
1539,Client_539,user_539@bankdomain.com,66,13100.55,697,2021-06-23
1540,Client_540,user_540@bankdomain.com,31,32342.44,437,2021-06-24
1541,Client_541,user_541@bankdomain.com,32,11478.36,686,2021-06-25
1542,Client_542,user_542@bankdomain.com,48,31669.8,410,2021-06-26
1543,Client_543,user_543@bankdomain.com,18,9504.69,316,2021-06-27
1544,Client_544,user_544@bankdomain.com,71,18821.87,481,2021-06-28
1545,Client_545,user_545@bankdomain.com,20,43964.94,835,2021-06-29
1546,Client_546,user_546@bankdomain.com,33,42085.46,840,2021-06-30
1547,Client_547,user_547@bankdomain.com,74,20874.75,470,2021-07-01
1548,Client_548,user_548@bankdomain.com,29,28899.61,708,2021-07-02
1549,Client_549,user_549@bankdomain.com,33,37040.68,677,2021-07-03
1550,Client_550,user_550@bankdomain.com,89,31812.96,487,2021-07-04
1551,Client_551,user_551@bankdomain.com,41,22265.36,529,2021-07-05
1552,Client_552,user_552@bankdomain.com,45,17513.65,418,2021-07-06
1553,Client_553,user_553@bankdomain.com,25,33681.03,455,2021-07-07
1554,Client_554,user_554@bankdomain.com,53,36307.03,764,2021-07-08
1555,Client_555,user_555@bankdomain.com,25,42157.02,403,2021-07-09
1556,Client_556,user_556@bankdomain.com,75,8127.51,801,2021-07-10
1557,Client_557,user_557@bankdomain.com,77,12468.75,474,2021-07-11
1558,Client_558,user_558@bankdomain.com,67,36619.24,720,2021-07-12
1559,Client_559,user_559@bankdomain.com,45,9484.69,433,2021-07-13
1560,Client_560,user_560@bankdomain.com,58,37385.5,690,2021-07-14
1561,Client_561,user_561@bankdomain.com,81,22850.67,800,2021-07-15
1562,Client_562,user_562@bankdomain.com,44,19790.86,332,2021-07-16
1563,Client_563,user_563@bankdomain.com,80,27054.29,354,2021-07-17
1564,Client_564,user_564@bankdomain.com,34,11546.32,818,2021-07-18
1565,Client_565,user_565@bankdomain.com,50,33240.15,311,2021-07-19
1566,Client_566,user_566@bankdomain.com,46,41896.37,827,2021-07-20
1567,Client_567,user_567@bankdomain.com,30,33705.76,672,2021-07-21
1568,Client_568,user_568@bankdomain.com,63,22534.91,783,2021-07-22
1569,Client_569,user_569@bankdomain.com,52,9619.64,527,2021-07-23
1570,Client_570,user_570@bankdomain.com,23,10004.13,606,2021-07-24
1571,Client_571,user_571@bankdomain.com,86,11703.57,756,2021-07-25
1572,Client_572,user_572@bankdomain.com,64,24877.22,459,2021-07-26
1573,Client_573,user_573@bankdomain.com,42,26134.0,630,2021-07-27
1574,Client_574,user_574@bankdomain.com,83,33684.44,524,2021-07-28
1575,Client_575,user_575@bankdomain.com,27,7039.71,803,2021-07-29
1576,Client_576,user_576@bankdomain.com,73,38112.1,755,2021-07-30
1577,Client_577,user_577@bankdomain.com,47,31944.06,344,2021-07-31
1578,Client_578,user_578@bankdomain.com,22,21731.64,513,2021-08-01
1579,Client_579,user_579@bankdomain.com,50,13102.38,358,2021-08-02
1580,Client_580,user_580@bankdomain.com,82,37491.41,494,2021-08-03
1581,Client_581,user_581@bankdomain.com,35,21999.06,788,2021-08-04
1582,Client_582,user_582@bankdomain.com,66,24799.81,456,2021-08-05
1583,Client_583,user_583@bankdomain.com,28,28836.12,525,2021-08-06
1584,Client_584,user_584@bankdomain.com,43,15868.01,711,2021-08-07
1585,Client_585,user_585@bankdomain.com,80,22178.19,504,2021-08-08
1586,Client_586,user_586@bankdomain.com,76,33653.17,378,2021-08-09
1587,Client_587,user_587@bankdomain.com,44,32640.96,423,2021-08-10
1588,Client_588,user_588@bankdomain.com,66,32731.07,770,2021-08-11
1589,Client_589,user_589@bankdomain.com,50,13448.2,517,2021-08-12
1590,Client_590,user_590@bankdomain.com,18,22634.2,815,2021-08-13
1591,Client_591,user_591@bankdomain.com,38,21036.06,403,2021-08-14
1592,Client_592,user_592@bankdomain.com,72,29251.79,692,2021-08-15
1593,Client_593,user_593@bankdomain.com,23,28356.58,733,2021-08-16
1594,Client_594,user_594@bankdomain.com,86,26554.27,630,2021-08-17
1595,Client_595,user_595@bankdomain.com,22,49657.34,442,2021-08-18
1596,Client_596,user_596@bankdomain.com,20,22091.94,839,2021-08-19
1597,Client_597,user_597@bankdomain.com,70,20921.77,577,2021-08-20
1598,Client_598,user_598@bankdomain.com,40,13432.5,532,2021-08-21
1599,Client_599,user_599@bankdomain.com,70,9621.53,828,2021-08-22
1600,Client_600,user_600@bankdomain.com,54,12796.83,389,2021-08-23
1601,Client_601,user_601@bankdomain.com,34,17813.18,791,2021-08-24
1602,Client_602,user_602@bankdomain.com,18,38100.73,498,2021-08-25
1603,Client_603,user_603@bankdomain.com,68,25391.64,661,2021-08-26
1604,Client_604,user_604@bankdomain.com,62,26933.31,740,2021-08-27
1605,Client_605,user_605@bankdomain.com,21,24037.27,325,2021-08-28
1606,Client_606,user_606@bankdomain.com,79,28653.01,324,2021-08-29
1607,Client_607,user_607@bankdomain.com,82,39020.72,693,2021-08-30
1608,Client_608,user_608@bankdomain.com,49,5060.69,806,2021-08-31
1609,Client_609,user_609@bankdomain.com,51,37183.37,600,2021-09-01
1610,Client_610,user_610@bankdomain.com,89,-150.38,638,2021-09-02
1611,Client_611,user_611@bankdomain.com,56,25282.03,566,2021-09-03
1612,Client_612,user_612@bankdomain.com,43,46919.07,760,2021-09-04
1613,Client_613,user_613@bankdomain.com,51,31806.58,755,2021-09-05
1614,Client_614,user_614@bankdomain.com,71,28730.59,659,2021-09-06
1615,Client_615,user_615@bankdomain.com,20,45019.46,367,2021-09-07
1616,Client_616,user_616@bankdomain.com,67,17969.37,711,2021-09-08
1617,Client_617,user_617@bankdomain.com,29,29339.67,790,2021-09-09
1618,Client_618,user_618@bankdomain.com,82,30781.17,348,2021-09-10
1619,Client_619,user_619@bankdomain.com,71,19775.98,401,2021-09-11
1620,Client_620,user_620@bankdomain.com,22,20658.9,515,2021-09-12
1621,Client_621,user_621@bankdomain.com,74,19562.21,737,2021-09-13
1622,Client_622,user_622@bankdomain.com,34,25873.15,458,2021-09-14
1623,Client_623,user_623@bankdomain.com,64,30466.92,788,2021-09-15
1624,Client_624,user_624@bankdomain.com,40,26232.3,541,2021-09-16
1625,Client_625,user_625@bankdomain.com,31,32094.62,304,2021-09-17
1626,Client_626,user_626@bankdomain.com,83,5308.53,660,2021-09-18
1627,Client_627,user_627@bankdomain.com,68,22817.49,758,2021-09-19
1628,Client_628,user_628@bankdomain.com,55,14765.81,547,2021-09-20
1629,Client_629,user_629@bankdomain.com,81,28017.23,721,2021-09-21
1630,Client_630,user_630@bankdomain.com,55,27869.17,314,2021-09-22
1631,Client_631,user_631@bankdomain.com,67,23843.78,421,2021-09-23
1632,Client_632,user_632@bankdomain.com,47,30102.79,576,2021-09-24
1633,Client_633,user_633@bankdomain.com,68,34978.13,752,2021-09-25
1634,Client_634,user_634@bankdomain.com,80,24394.79,689,2021-09-26
1635,Client_635,user_635@bankdomain.com,69,14483.05,593,2021-09-27
1636,Client_636,user_636@bankdomain.com,55,9187.42,745,2021-09-28
1637,Client_637,user_637@bankdomain.com,47,25361.1,509,2021-09-29
1638,Client_638,user_638@bankdomain.com,68,27418.67,601,2021-09-30
1639,Client_639,user_639@bankdomain.com,22,15304.76,522,2021-10-01
1640,Client_640,user_640@bankdomain.com,46,32257.67,302,2021-10-02
1641,Client_641,user_641@bankdomain.com,21,20410.43,817,2021-10-03
1642,Client_642,user_642@bankdomain.com,27,8435.67,392,2021-10-04
1643,Client_643,user_643@bankdomain.com,73,37564.36,819,2021-10-05
1644,Client_644,user_644@bankdomain.com,34,36439.88,727,2021-10-06
1645,Client_645,user_645@bankdomain.com,34,4844.01,792,2021-10-07
1646,Client_646,user_646@bankdomain.com,86,19374.0,534,2021-10-08
1647,Client_647,user_647@bankdomain.com,51,18984.16,460,2021-10-09
1648,Client_648,user_648@bankdomain.com,23,41394.89,630,2021-10-10
1649,Client_649,user_649@bankdomain.com,70,24007.07,632,2021-10-11
1650,Client_650,user_650@bankdomain.com,83,10041.22,349,2021-10-12
1651,Client_651,user_651@bankdomain.com,60,33821.05,822,2021-10-13
1652,Client_652,user_652@bankdomain.com,40,12692.24,791,2021-10-14
1653,Client_653,user_653@bankdomain.com,72,22396.6,571,2021-10-15
1654,Client_654,user_654@bankdomain.com,33,17302.31,551,2021-10-16
1655,Client_655,user_655@bankdomain.com,25,19395.45,389,2021-10-17
1656,Client_656,user_656@bankdomain.com,21,34372.58,745,2021-10-18
1657,Client_657,user_657@bankdomain.com,21,40213.3,631,2021-10-19
1658,Client_658,user_658@bankdomain.com,73,12256.31,438,2021-10-20
1659,Client_659,user_659@bankdomain.com,42,31260.76,656,2021-10-21
1660,Client_660,user_660@bankdomain.com,84,17672.46,573,2021-10-22
1661,Client_661,user_661@bankdomain.com,84,17983.28,318,2021-10-23
1662,Client_662,user_662@bankdomain.com,44,29906.36,610,2021-10-24
1663,Client_663,user_663@bankdomain.com,49,14720.97,453,2021-10-25
1664,Client_664,user_664@bankdomain.com,67,29706.03,689,2021-10-26
1665,Client_665,user_665@bankdomain.com,78,32301.13,559,2021-10-27
1666,Client_666,user_666@bankdomain.com,68,20674.68,424,2021-10-28
1667,Client_667,user_667@bankdomain.com,36,38270.78,653,2021-10-29
1668,Client_668,user_668@bankdomain.com,38,12271.75,572,2021-10-30
1669,Client_669,user_669@bankdomain.com,22,38454.06,544,2021-10-31
1670,Client_670,user_670@bankdomain.com,59,5560.13,749,2021-11-01
1671,Client_671,user_671@bankdomain.com,78,51997.14,546,2021-11-02
1672,Client_672,user_672@bankdomain.com,39,20937.98,819,2021-11-03
1673,Client_673,user_673@bankdomain.com,38,13376.93,440,2021-11-04
1674,Client_674,user_674@bankdomain.com,87,22673.28,661,2021-11-05
1675,Client_675,user_675@bankdomain.com,18,14535.22,307,2021-11-06
1676,Client_676,user_676@bankdomain.com,22,28869.65,777,2021-11-07
1677,Client_677,user_677@bankdomain.com,29,38676.57,651,2021-11-08
1678,Client_678,user_678@bankdomain.com,63,15065.44,794,2021-11-09
1679,Client_679,user_679@bankdomain.com,51,30793.99,726,2021-11-10
1680,Client_680,user_680@bankdomain.com,66,9672.65,338,2021-11-11
1681,Client_681,user_681@bankdomain.com,62,35329.55,486,2021-11-12
1682,Client_682,user_682@bankdomain.com,44,29162.36,392,2021-11-13
1683,Client_683,user_683@bankdomain.com,43,35761.83,385,2021-11-14
1684,Client_684,user_684@bankdomain.com,64,23776.53,343,2021-11-15
1685,Client_685,user_685@bankdomain.com,73,20648.43,436,2021-11-16
1686,Client_686,user_686@bankdomain.com,80,33161.17,720,2021-11-17
1687,Client_687,user_687@bankdomain.com,65,11919.51,373,2021-11-18
1688,Client_688,user_688@bankdomain.com,78,7571.76,847,2021-11-19
1689,Client_689,user_689@bankdomain.com,43,24950.38,811,2021-11-20
1690,Client_690,user_690@bankdomain.com,53,21104.03,455,2021-11-21
1691,Client_691,user_691@bankdomain.com,18,30538.33,554,2021-11-22
1692,Client_692,user_692@bankdomain.com,25,35915.51,470,2021-11-23
1693,Client_693,user_693@bankdomain.com,69,30330.14,469,2021-11-24
1694,Client_694,user_694@bankdomain.com,64,35119.03,621,2021-11-25
1695,Client_695,user_695@bankdomain.com,73,28210.52,755,2021-11-26
1696,Client_696,user_696@bankdomain.com,31,29945.96,454,2021-11-27
1697,Client_697,user_697@bankdomain.com,45,23833.43,648,2021-11-28
1698,Client_698,user_698@bankdomain.com,19,29650.45,750,2021-11-29
1699,Client_699,user_699@bankdomain.com,43,26666.53,472,2021-11-30
1700,Client_700,user_700@bankdomain.com,31,28251.77,309,2021-12-01
1701,Client_701,user_701@bankdomain.com,76,23332.76,564,2021-12-02
1702,Client_702,user_702@bankdomain.com,73,33089.29,737,2021-12-03
1703,Client_703,user_703@bankdomain.com,24,17895.47,546,2021-12-04
1704,Client_704,user_704@bankdomain.com,20,24816.51,845,2021-12-05
1705,Client_705,user_705@bankdomain.com,40,38117.84,798,2021-12-06
1706,Client_706,user_706@bankdomain.com,35,15512.78,428,2021-12-07
1707,Client_707,user_707@bankdomain.com,55,3381.55,626,2021-12-08
1708,Client_708,user_708@bankdomain.com,32,28664.57,703,2021-12-09
1709,Client_709,user_709@bankdomain.com,81,22430.46,658,2021-12-10
1710,Client_710,user_710@bankdomain.com,45,35108.62,316,2021-12-11
1711,Client_711,user_711@bankdomain.com,56,23694.85,573,2021-12-12
1712,Client_712,user_712@bankdomain.com,74,18956.61,415,2021-12-13
1713,Client_713,user_713@bankdomain.com,34,24241.83,390,2021-12-14
1714,Client_714,user_714@bankdomain.com,61,35930.69,381,2021-12-15
1715,Client_715,user_715@bankdomain.com,42,30753.7,623,2021-12-16
1716,Client_716,user_716@bankdomain.com,34,660.98,413,2021-12-17
1717,Client_717,user_717@bankdomain.com,30,26857.67,357,2021-12-18
1718,Client_718,user_718@bankdomain.com,42,27357.62,453,2021-12-19
1719,Client_719,user_719@bankdomain.com,85,24817.5,703,2021-12-20
1720,Client_720,user_720@bankdomain.com,27,18891.1,565,2021-12-21
1721,Client_721,user_721@bankdomain.com,84,36945.32,614,2021-12-22
1722,Client_722,user_722@bankdomain.com,35,37440.34,340,2021-12-23
1723,Client_723,user_723@bankdomain.com,51,2968.4,404,2021-12-24
1724,Client_724,user_724@bankdomain.com,25,17020.41,492,2021-12-25
1725,Client_725,user_725@bankdomain.com,57,23552.69,700,2021-12-26
1726,Client_726,user_726@bankdomain.com,59,34485.08,577,2021-12-27
1727,Client_727,user_727@bankdomain.com,58,25348.53,653,2021-12-28
1728,Client_728,user_728@bankdomain.com,23,18164.06,555,2021-12-29
1729,Client_729,user_729@bankdomain.com,69,32095.34,398,2021-12-30
1730,Client_730,user_730@bankdomain.com,43,22886.64,581,2021-12-31
1731,Client_731,user_731@bankdomain.com,81,23825.99,702,2022-01-01
1732,Client_732,user_732@bankdomain.com,76,24728.42,408,2022-01-02
1733,Client_733,user_733@bankdomain.com,73,30743.08,498,2022-01-03
1734,Client_734,user_734@bankdomain.com,76,21914.5,602,2022-01-04
1735,Client_735,user_735@bankdomain.com,87,31869.46,626,2022-01-05
1736,Client_736,user_736@bankdomain.com,50,24269.31,453,2022-01-06
1737,Client_737,user_737@bankdomain.com,70,14329.83,704,2022-01-07
1738,Client_738,user_738@bankdomain.com,39,24632.24,761,2022-01-08
1739,Client_739,user_739@bankdomain.com,38,14847.87,431,2022-01-09
1740,Client_740,user_740@bankdomain.com,87,25409.87,383,2022-01-10
1741,Client_741,user_741@bankdomain.com,87,33294.74,698,2022-01-11
1742,Client_742,user_742@bankdomain.com,21,14263.71,408,2022-01-12
1743,Client_743,user_743@bankdomain.com,79,28642.73,520,2022-01-13
1744,Client_744,user_744@bankdomain.com,79,16709.63,667,2022-01-14
1745,Client_745,user_745@bankdomain.com,41,27017.01,446,2022-01-15
1746,Client_746,user_746@bankdomain.com,72,33602.04,411,2022-01-16
1747,Client_747,user_747@bankdomain.com,26,3704.87,793,2022-01-17
1748,Client_748,user_748@bankdomain.com,20,13855.24,804,2022-01-18
1749,Client_749,user_749@bankdomain.com,48,21310.21,774,2022-01-19
1750,Client_750,user_750@bankdomain.com,57,28150.4,570,2022-01-20
1751,Client_751,user_751@bankdomain.com,53,23336.17,720,2022-01-21
1752,Client_752,user_752@bankdomain.com,41,24541.19,666,2022-01-22
1753,Client_753,user_753@bankdomain.com,23,45429.85,579,2022-01-23
1754,Client_754,user_754@bankdomain.com,83,12875.43,582,2022-01-24
1755,Client_755,user_755@bankdomain.com,21,36354.85,339,2022-01-25
1756,Client_756,user_756@bankdomain.com,23,21500.22,488,2022-01-26
1757,Client_757,user_757@bankdomain.com,68,30494.75,463,2022-01-27
1758,Client_758,user_758@bankdomain.com,79,46289.47,835,2022-01-28
1759,Client_759,user_759@bankdomain.com,74,31886.78,835,2022-01-29
1760,Client_760,user_760@bankdomain.com,83,28724.96,303,2022-01-30
1761,Client_761,user_761@bankdomain.com,25,40991.22,589,2022-01-31
1762,Client_762,user_762@bankdomain.com,43,36247.99,732,2022-02-01
1763,Client_763,user_763@bankdomain.com,68,17006.06,770,2022-02-02
1764,Client_764,user_764@bankdomain.com,62,27945.25,480,2022-02-03
1765,Client_765,user_765@bankdomain.com,61,7825.04,547,2022-02-04
1766,Client_766,user_766@bankdomain.com,22,19598.47,578,2022-02-05
1767,Client_767,user_767@bankdomain.com,87,28140.53,553,2022-02-06
1768,Client_768,user_768@bankdomain.com,43,18978.95,480,2022-02-07
1769,Client_769,user_769@bankdomain.com,85,27733.67,808,2022-02-08
1770,Client_770,user_770@bankdomain.com,36,24866.15,625,2022-02-09
1771,Client_771,user_771@bankdomain.com,37,30364.17,656,2022-02-10
1772,Client_772,user_772@bankdomain.com,29,20758.01,690,2022-02-11
1773,Client_773,user_773@bankdomain.com,64,15598.51,384,2022-02-12
1774,Client_774,user_774@bankdomain.com,18,39781.27,616,2022-02-13
1775,Client_775,user_775@bankdomain.com,31,20043.03,511,2022-02-14
1776,Client_776,user_776@bankdomain.com,81,31600.11,814,2022-02-15
1777,Client_777,user_777@bankdomain.com,55,39352.47,683,2022-02-16
1778,Client_778,user_778@bankdomain.com,54,26626.7,641,2022-02-17
1779,Client_779,user_779@bankdomain.com,28,16436.93,337,2022-02-18
1780,Client_780,user_780@bankdomain.com,20,23213.9,810,2022-02-19
1781,Client_781,user_781@bankdomain.com,50,35175.41,719,2022-02-20
1782,Client_782,user_782@bankdomain.com,23,27062.48,468,2022-02-21
1783,Client_783,user_783@bankdomain.com,67,12948.58,642,2022-02-22
1784,Client_784,user_784@bankdomain.com,27,30966.44,605,2022-02-23
1785,Client_785,user_785@bankdomain.com,22,32695.31,841,2022-02-24
1786,Client_786,user_786@bankdomain.com,40,21446.88,836,2022-02-25
1787,Client_787,user_787@bankdomain.com,27,31102.44,411,2022-02-26
1788,Client_788,user_788@bankdomain.com,61,27450.19,710,2022-02-27
1789,Client_789,user_789@bankdomain.com,19,23025.7,505,2022-02-28
1790,Client_790,user_790@bankdomain.com,30,12064.64,484,2022-03-01
1791,Client_791,user_791@bankdomain.com,57,35779.54,681,2022-03-02
1792,Client_792,user_792@bankdomain.com,19,32592.11,795,2022-03-03
1793,Client_793,user_793@bankdomain.com,82,30838.86,678,2022-03-04
1794,Client_794,user_794@bankdomain.com,80,40445.26,346,2022-03-05
1795,Client_795,user_795@bankdomain.com,34,34451.94,827,2022-03-06
1796,Client_796,user_796@bankdomain.com,26,31865.66,803,2022-03-07
1797,Client_797,user_797@bankdomain.com,32,2867.73,321,2022-03-08
1798,Client_798,user_798@bankdomain.com,41,36968.95,512,2022-03-09
1799,Client_799,user_799@bankdomain.com,55,25830.81,609,2022-03-10
1800,Client_800,user_800@bankdomain.com,52,28124.92,571,2022-03-11
1801,Client_801,user_801@bankdomain.com,66,28193.33,501,2022-03-12
1802,Client_802,user_802@bankdomain.com,86,32738.33,331,2022-03-13
1803,Client_803,user_803@bankdomain.com,79,36221.75,742,2022-03-14
1804,Client_804,user_804@bankdomain.com,77,31342.41,461,2022-03-15
1805,Client_805,user_805@bankdomain.com,67,29752.86,553,2022-03-16
1806,Client_806,user_806@bankdomain.com,26,27315.13,820,2022-03-17
1807,Client_807,user_807@bankdomain.com,51,-8516.11,779,2022-03-18
1808,Client_808,user_808@bankdomain.com,52,22124.09,309,2022-03-19
1809,Client_809,user_809@bankdomain.com,18,15584.1,804,2022-03-20
1810,Client_810,user_810@bankdomain.com,57,37107.4,735,2022-03-21
1811,Client_811,user_811@bankdomain.com,81,31190.37,410,2022-03-22
1812,Client_812,user_812@bankdomain.com,39,20418.63,452,2022-03-23
1813,Client_813,user_813@bankdomain.com,77,21422.83,401,2022-03-24
1814,Client_814,user_814@bankdomain.com,81,21060.19,490,2022-03-25
1815,Client_815,user_815@bankdomain.com,89,20881.74,380,2022-03-26
1816,Client_816,user_816@bankdomain.com,28,10554.43,788,2022-03-27
1817,Client_817,user_817@bankdomain.com,31,8387.21,387,2022-03-28
1818,Client_818,user_818@bankdomain.com,77,25290.47,493,2022-03-29
1819,Client_819,user_819@bankdomain.com,47,35753.14,403,2022-03-30
1820,Client_820,user_820@bankdomain.com,52,19623.1,395,2022-03-31
1821,Client_821,user_821@bankdomain.com,54,28034.45,722,2022-04-01
1822,Client_822,user_822@bankdomain.com,22,32342.61,497,2022-04-02
1823,Client_823,user_823@bankdomain.com,43,15066.22,300,2022-04-03
1824,Client_824,user_824@bankdomain.com,79,24800.25,706,2022-04-04
1825,Client_825,user_825@bankdomain.com,21,18334.8,677,2022-04-05
1826,Client_826,user_826@bankdomain.com,59,41061.19,466,2022-04-06
1827,Client_827,user_827@bankdomain.com,35,40624.6,808,2022-04-07
1828,Client_828,user_828@bankdomain.com,57,15076.57,612,2022-04-08
1829,Client_829,user_829@bankdomain.com,89,28858.84,717,2022-04-09
1830,Client_830,user_830@bankdomain.com,56,35675.99,776,2022-04-10
1831,Client_831,user_831@bankdomain.com,31,33483.3,372,2022-04-11
1832,Client_832,user_832@bankdomain.com,49,25815.63,440,2022-04-12
1833,Client_833,user_833@bankdomain.com,68,38065.57,561,2022-04-13
1834,Client_834,user_834@bankdomain.com,55,15954.85,639,2022-04-14
1835,Client_835,user_835@bankdomain.com,40,21969.07,607,2022-04-15
1836,Client_836,user_836@bankdomain.com,80,16223.58,544,2022-04-16
1837,Client_837,user_837@bankdomain.com,32,32824.93,814,2022-04-17
1838,Client_838,user_838@bankdomain.com,42,19173.63,636,2022-04-18
1839,Client_839,user_839@bankdomain.com,34,23287.51,375,2022-04-19
1840,Client_840,user_840@bankdomain.com,83,31176.7,474,2022-04-20
1841,Client_841,user_841@bankdomain.com,70,31982.5,408,2022-04-21
1842,Client_842,user_842@bankdomain.com,68,15928.74,482,2022-04-22
1843,Client_843,user_843@bankdomain.com,56,35566.55,491,2022-04-23
1844,Client_844,user_844@bankdomain.com,68,29556.9,364,2022-04-24
1845,Client_845,user_845@bankdomain.com,87,14182.97,773,2022-04-25
1846,Client_846,user_846@bankdomain.com,23,11722.84,399,2022-04-26
1847,Client_847,user_847@bankdomain.com,84,24841.8,843,2022-04-27
1848,Client_848,user_848@bankdomain.com,24,33500.94,427,2022-04-28
1849,Client_849,user_849@bankdomain.com,68,33757.16,751,2022-04-29
1850,Client_850,user_850@bankdomain.com,89,28561.67,668,2022-04-30
1851,Client_851,user_851@bankdomain.com,59,25486.75,342,2022-05-01
1852,Client_852,user_852@bankdomain.com,81,30117.38,718,2022-05-02
1853,Client_853,user_853@bankdomain.com,32,16446.69,787,2022-05-03
1854,Client_854,user_854@bankdomain.com,46,41869.88,377,2022-05-04
1855,Client_855,user_855@bankdomain.com,50,41739.38,569,2022-05-05
1856,Client_856,user_856@bankdomain.com,44,29288.12,614,2022-05-06
1857,Client_857,user_857@bankdomain.com,53,26973.0,467,2022-05-07
1858,Client_858,user_858@bankdomain.com,46,20885.79,638,2022-05-08
1859,Client_859,user_859@bankdomain.com,55,30287.49,492,2022-05-09
1860,Client_860,user_860@bankdomain.com,74,18086.83,752,2022-05-10
1861,Client_861,user_861@bankdomain.com,44,2763.88,582,2022-05-11
1862,Client_862,user_862@bankdomain.com,72,-2141.07,635,2022-05-12
1863,Client_863,user_863@bankdomain.com,50,17005.02,689,2022-05-13
1864,Client_864,user_864@bankdomain.com,85,26563.78,824,2022-05-14
1865,Client_865,user_865@bankdomain.com,83,28319.72,539,2022-05-15
1866,Client_866,user_866@bankdomain.com,27,20132.43,782,2022-05-16
1867,Client_867,user_867@bankdomain.com,22,26418.35,757,2022-05-17
1868,Client_868,user_868@bankdomain.com,55,22257.72,388,2022-05-18
1869,Client_869,user_869@bankdomain.com,30,15006.87,394,2022-05-19
1870,Client_870,user_870@bankdomain.com,48,24462.55,751,2022-05-20
1871,Client_871,user_871@bankdomain.com,64,33129.57,727,2022-05-21
1872,Client_872,user_872@bankdomain.com,69,15459.38,450,2022-05-22
1873,Client_873,user_873@bankdomain.com,73,15463.95,813,2022-05-23
1874,Client_874,user_874@bankdomain.com,32,14307.49,675,2022-05-24
1875,Client_875,user_875@bankdomain.com,46,5634.81,321,2022-05-25
1876,Client_876,user_876@bankdomain.com,25,20197.98,612,2022-05-26
1877,Client_877,user_877@bankdomain.com,22,32140.86,818,2022-05-27
1878,Client_878,user_878@bankdomain.com,46,26739.16,505,2022-05-28
1879,Client_879,user_879@bankdomain.com,64,23307.49,674,2022-05-29
1880,Client_880,user_880@bankdomain.com,85,26290.65,750,2022-05-30
1881,Client_881,user_881@bankdomain.com,62,20110.19,478,2022-05-31
1882,Client_882,user_882@bankdomain.com,19,5521.13,509,2022-06-01
1883,Client_883,user_883@bankdomain.com,44,32837.19,799,2022-06-02
1884,Client_884,user_884@bankdomain.com,53,35711.25,763,2022-06-03
1885,Client_885,user_885@bankdomain.com,53,17718.43,423,2022-06-04
1886,Client_886,user_886@bankdomain.com,43,23491.64,412,2022-06-05
1887,Client_887,user_887@bankdomain.com,60,22630.01,311,2022-06-06
1888,Client_888,user_888@bankdomain.com,44,28512.89,425,2022-06-07
1889,Client_889,user_889@bankdomain.com,86,41898.93,630,2022-06-08
1890,Client_890,user_890@bankdomain.com,37,36597.91,582,2022-06-09
1891,Client_891,user_891@bankdomain.com,28,21230.86,439,2022-06-10
1892,Client_892,user_892@bankdomain.com,55,30424.64,700,2022-06-11
1893,Client_893,user_893@bankdomain.com,23,37543.57,396,2022-06-12
1894,Client_894,user_894@bankdomain.com,89,29083.45,816,2022-06-13
1895,Client_895,user_895@bankdomain.com,40,24953.01,368,2022-06-14
1896,Client_896,user_896@bankdomain.com,64,29460.0,417,2022-06-15
1897,Client_897,user_897@bankdomain.com,63,17967.28,358,2022-06-16
1898,Client_898,user_898@bankdomain.com,29,19427.19,332,2022-06-17
1899,Client_899,user_899@bankdomain.com,30,14359.66,617,2022-06-18
1900,Client_900,user_900@bankdomain.com,79,28070.65,349,2022-06-19
1901,Client_901,user_901@bankdomain.com,77,23685.97,788,2022-06-20
1902,Client_902,user_902@bankdomain.com,60,16768.82,318,2022-06-21
1903,Client_903,user_903@bankdomain.com,85,23358.21,496,2022-06-22
1904,Client_904,user_904@bankdomain.com,22,29699.98,749,2022-06-23
1905,Client_905,user_905@bankdomain.com,54,44147.12,751,2022-06-24
1906,Client_906,user_906@bankdomain.com,89,35120.68,588,2022-06-25
1907,Client_907,user_907@bankdomain.com,48,2158.52,440,2022-06-26
1908,Client_908,user_908@bankdomain.com,26,27393.08,383,2022-06-27
1909,Client_909,user_909@bankdomain.com,68,39293.24,690,2022-06-28
1910,Client_910,user_910@bankdomain.com,46,11621.27,514,2022-06-29
1911,Client_911,user_911@bankdomain.com,57,30515.59,825,2022-06-30
1912,Client_912,user_912@bankdomain.com,58,22633.58,514,2022-07-01
1913,Client_913,user_913@bankdomain.com,28,36502.91,702,2022-07-02
1914,Client_914,user_914@bankdomain.com,40,29042.57,427,2022-07-03
1915,Client_915,user_915@bankdomain.com,18,16159.85,776,2022-07-04
1916,Client_916,user_916@bankdomain.com,63,22991.49,703,2022-07-05
1917,Client_917,user_917@bankdomain.com,38,23583.04,328,2022-07-06
1918,Client_918,user_918@bankdomain.com,53,23768.22,637,2022-07-07
1919,Client_919,user_919@bankdomain.com,71,36192.63,660,2022-07-08
1920,Client_920,user_920@bankdomain.com,74,16573.8,691,2022-07-09
1921,Client_921,user_921@bankdomain.com,18,35030.51,517,2022-07-10
1922,Client_922,user_922@bankdomain.com,80,21977.5,501,2022-07-11
1923,Client_923,user_923@bankdomain.com,71,27235.11,316,2022-07-12
1924,Client_924,user_924@bankdomain.com,72,25723.78,621,2022-07-13
1925,Client_925,user_925@bankdomain.com,57,24781.95,817,2022-07-14
1926,Client_926,user_926@bankdomain.com,32,24863.97,624,2022-07-15
1927,Client_927,user_927@bankdomain.com,38,39573.59,711,2022-07-16
1928,Client_928,user_928@bankdomain.com,64,33424.5,617,2022-07-17
1929,Client_929,user_929@bankdomain.com,70,21372.84,381,2022-07-18
1930,Client_930,user_930@bankdomain.com,26,40827.87,773,2022-07-19
1931,Client_931,user_931@bankdomain.com,69,27746.81,767,2022-07-20
1932,Client_932,user_932@bankdomain.com,74,28576.24,724,2022-07-21
1933,Client_933,user_933@bankdomain.com,43,16626.81,503,2022-07-22
1934,Client_934,user_934@bankdomain.com,58,20025.01,686,2022-07-23
1935,Client_935,user_935@bankdomain.com,52,18114.96,397,2022-07-24
1936,Client_936,user_936@bankdomain.com,80,25860.73,644,2022-07-25
1937,Client_937,user_937@bankdomain.com,42,31387.83,507,2022-07-26
1938,Client_938,user_938@bankdomain.com,55,28672.32,813,2022-07-27
1939,Client_939,user_939@bankdomain.com,19,40880.44,465,2022-07-28
1940,Client_940,user_940@bankdomain.com,24,16122.42,321,2022-07-29
1941,Client_941,user_941@bankdomain.com,51,26148.69,453,2022-07-30
1942,Client_942,user_942@bankdomain.com,34,12170.61,738,2022-07-31
1943,Client_943,user_943@bankdomain.com,60,15781.29,594,2022-08-01
1944,Client_944,user_944@bankdomain.com,76,37645.78,518,2022-08-02
1945,Client_945,user_945@bankdomain.com,68,20368.35,794,2022-08-03
1946,Client_946,user_946@bankdomain.com,71,16966.36,529,2022-08-04
1947,Client_947,user_947@bankdomain.com,41,3700.23,319,2022-08-05
1948,Client_948,user_948@bankdomain.com,42,16866.45,447,2022-08-06
1949,Client_949,user_949@bankdomain.com,88,22947.2,407,2022-08-07
1950,Client_950,user_950@bankdomain.com,69,11425.97,702,2022-08-08
1951,Client_951,user_951@bankdomain.com,87,22372.17,782,2022-08-09
1952,Client_952,user_952@bankdomain.com,50,37706.31,666,2022-08-10
1953,Client_953,user_953@bankdomain.com,66,17926.95,713,2022-08-11
1954,Client_954,user_954@bankdomain.com,46,15566.17,608,2022-08-12
1955,Client_955,user_955@bankdomain.com,80,13760.99,433,2022-08-13
1956,Client_956,user_956@bankdomain.com,39,13582.36,582,2022-08-14
1957,Client_957,user_957@bankdomain.com,43,30355.77,372,2022-08-15
1958,Client_958,user_958@bankdomain.com,45,25486.69,780,2022-08-16
1959,Client_959,user_959@bankdomain.com,66,34568.57,651,2022-08-17
1960,Client_960,user_960@bankdomain.com,88,45198.38,625,2022-08-18
1961,Client_961,user_961@bankdomain.com,66,6696.09,742,2022-08-19
1962,Client_962,user_962@bankdomain.com,37,28800.79,399,2022-08-20
1963,Client_963,user_963@bankdomain.com,80,13813.81,358,2022-08-21
1964,Client_964,user_964@bankdomain.com,78,32888.99,807,2022-08-22
1965,Client_965,user_965@bankdomain.com,66,22280.88,557,2022-08-23
1966,Client_966,user_966@bankdomain.com,88,25273.23,712,2022-08-24
1967,Client_967,user_967@bankdomain.com,18,12168.23,751,2022-08-25
1968,Client_968,user_968@bankdomain.com,30,20735.73,364,2022-08-26
1969,Client_969,user_969@bankdomain.com,68,25896.62,453,2022-08-27
1970,Client_970,user_970@bankdomain.com,73,38560.78,565,2022-08-28
1971,Client_971,user_971@bankdomain.com,79,17054.39,378,2022-08-29
1972,Client_972,user_972@bankdomain.com,49,19493.08,614,2022-08-30
1973,Client_973,user_973@bankdomain.com,47,34442.9,547,2022-08-31
1974,Client_974,user_974@bankdomain.com,46,16406.6,713,2022-09-01
1975,Client_975,user_975@bankdomain.com,66,36423.85,324,2022-09-02
1976,Client_976,user_976@bankdomain.com,62,24909.13,583,2022-09-03
1977,Client_977,user_977@bankdomain.com,47,28031.23,748,2022-09-04
1978,Client_978,user_978@bankdomain.com,33,28675.22,600,2022-09-05
1979,Client_979,user_979@bankdomain.com,57,18837.79,367,2022-09-06
1980,Client_980,user_980@bankdomain.com,36,28898.87,306,2022-09-07
1981,Client_981,user_981@bankdomain.com,35,17276.3,436,2022-09-08
1982,Client_982,user_982@bankdomain.com,18,19978.97,463,2022-09-09
1983,Client_983,user_983@bankdomain.com,64,30586.91,382,2022-09-10
1984,Client_984,user_984@bankdomain.com,83,27933.94,719,2022-09-11
1985,Client_985,user_985@bankdomain.com,55,24250.35,372,2022-09-12
1986,Client_986,user_986@bankdomain.com,68,12412.68,536,2022-09-13
1987,Client_987,user_987@bankdomain.com,80,14908.42,345,2022-09-14
1988,Client_988,user_988@bankdomain.com,21,27767.09,561,2022-09-15
1989,Client_989,user_989@bankdomain.com,18,32321.41,475,2022-09-16
1990,Client_990,user_990@bankdomain.com,25,13903.54,465,2022-09-17
1991,Client_991,user_991@bankdomain.com,46,16601.75,669,2022-09-18
1992,Client_992,user_992@bankdomain.com,72,26341.85,353,2022-09-19
1993,Client_993,user_993@bankdomain.com,20,26127.88,718,2022-09-20
1994,Client_994,user_994@bankdomain.com,49,8760.43,806,2022-09-21
1995,Client_995,user_995@bankdomain.com,27,26615.63,640,2022-09-22
1996,Client_996,user_996@bankdomain.com,51,19016.32,426,2022-09-23
1997,Client_997,user_997@bankdomain.com,72,41410.47,708,2022-09-24
1998,Client_998,user_998@bankdomain.com,49,27491.99,666,2022-09-25
1999,Client_999,user_999@bankdomain.com,67,29214.73,570,2022-09-26
1200,Client_200,user_200@bankdomain.com,74,21217.07,656,2020-07-19
1201,Client_201,user_201@bankdomain.com,67,30467.79,512,2020-07-20
1202,Client_202,user_202@bankdomain.com,40,22337.62,348,2020-07-21
1203,Client_203,user_203@bankdomain.com,48,22313.64,426,2020-07-22
1204,Client_204,user_204@bankdomain.com,59,13311.04,522,2020-07-23
1205,Client_205,user_205@bankdomain.com,24,17574.86,578,2020-07-24
1206,Client_206,user_206@bankdomain.com,33,15717.31,707,2020-07-25
1207,Client_207,user_207@bankdomain.com,77,30943.69,804,2020-07-26
1208,Client_208,user_208@bankdomain.com,19,35402.06,593,2020-07-27
1209,Client_209,user_209@bankdomain.com,18,24052.47,576,2020-07-28
1210,Client_210,user_210@bankdomain.com,65,27296.28,737,2020-07-29
1211,Client_211,user_211@bankdomain.com,29,23475.29,406,2020-07-30
1212,Client_212,user_212@bankdomain.com,86,16892.24,719,2020-07-31
1213,Client_213,user_213@bankdomain.com,54,33622.63,728,2020-08-01
1214,Client_214,user_214@bankdomain.com,49,31525.35,674,2020-08-02
1215,Client_215,user_215@bankdomain.com,26,6074.54,372,2020-08-03
1216,Client_216,user_216@bankdomain.com,36,22168.91,329,2020-08-04
1217,Client_217,user_217@bankdomain.com,65,16179.73,487,2020-08-05
1218,Client_218,user_218@bankdomain.com,20,21090.61,663,2020-08-06
1219,Client_219,user_219@bankdomain.com,37,18295.68,750,2020-08-07
