credit_id,client_id,requested_amount,interest_rate,status,request_date
CR-10000,99999,86090.4,15.25,APPROVED,2021-01-01
CR-10001,99999,5862.19,7.08,REJECTED,2021-01-02
CR-10002,88888,93687.2,12.69,APPROVED,2021-01-03
CR-10003,77777,6818.98,14.75,REJECTED,2021-01-04
CR-10004,88888,25315.73,18.04,APPROVED,2021-01-05
CR-10005,99999,79800.27,24.01,PENDING,2021-01-06
CR-10006,88888,8121.09,17.01,PAID,2021-01-07
CR-10007,99999,13019.65,19.87,PAID,2021-01-08
CR-10008,77777,64052.15,15.13,PENDING,2021-01-09
CR-10009,77777,63654.81,17.68,PENDING,2021-01-10
CR-10010,77777,51242.21,6.42,PAID,2021-01-11
CR-10011,99999,59200.09,10.09,PENDING,2021-01-12
CR-10012,88888,39123.46,12.24,REJECTED,2021-01-13
CR-10013,77777,14504.18,14.45,APPROVED,2021-01-14
CR-10014,99999,21209.16,5.91,PAID,2021-01-15
CR-10015,99999,10020.06,7.8,PENDING,2021-01-16
CR-10016,88888,119543.81,10.54,REJECTED,2021-01-17
CR-10017,77777,43780.45,24.43,PAID,2021-01-18
CR-10018,99999,25612.28,11.63,PENDING,2021-01-19
CR-10019,88888,30995.38,14.64,PAID,2021-01-20
CR-10020,77777,147141.19,8.92,PENDING,2021-01-21
CR-10021,1308,8323.48,17.22,PAID,2021-01-22
CR-10022,1769,44122.23,10.61,REJECTED,2021-01-23
CR-10023,1343,35249.72,9.14,REJECTED,2021-01-24
CR-10024,1491,47267.22,15.33,APPROVED,2021-01-25
CR-10025,1413,913.81,5.11,PAID,2021-01-26
CR-10026,1805,102834.68,5.15,APPROVED,2021-01-27
CR-10027,1385,134499.43,9.38,PAID,2021-01-28
CR-10028,1191,41635.77,5.73,PENDING,2021-01-29
CR-10029,1955,59643.54,7.16,PENDING,2021-01-30
CR-10030,1276,127873.47,11.78,APPROVED,2021-01-31
CR-10031,1160,61419.87,21.05,PAID,2021-02-01
CR-10032,1459,8275.53,16.44,APPROVED,2021-02-02
CR-10033,1313,42935.11,15.25,REJECTED,2021-02-03
CR-10034,1021,46661.04,10.87,APPROVED,2021-02-04
CR-10035,1252,27593.73,23.64,APPROVED,2021-02-05
CR-10036,1747,66674.52,12.94,PENDING,2021-02-06
CR-10037,1856,136183.84,6.74,APPROVED,2021-02-07
CR-10038,1560,129893.81,17.34,PAID,2021-02-08
CR-10039,1474,29968.21,7.28,PENDING,2021-02-09
CR-10040,1058,6008.94,11.9,APPROVED,2021-02-10
CR-10041,1510,209458.7,15.15,REJECTED,2021-02-11
CR-10042,1681,91285.91,22.48,APPROVED,2021-02-12
CR-10043,1475,6657.3,14.87,APPROVED,2021-02-13
CR-10044,1699,126815.4,19.05,APPROVED,2021-02-14
CR-10045,1975,101971.2,24.86,PENDING,2021-02-15
CR-10046,1782,36577.57,7.63,PAID,2021-02-16
CR-10047,1189,44735.69,10.49,REJECTED,2021-02-17
CR-10048,1957,25458.24,12.89,APPROVED,2021-02-18
CR-10049,1686,2815.91,13.44,PAID,2021-02-19
CR-10050,1957,-1000.0,13.22,PAID,2021-02-20
CR-10051,1562,-1000.0,23.15,PENDING,2021-02-21
CR-10052,1875,-1000.0,19.28,REJECTED,2021-02-22
CR-10053,1566,-1000.0,17.16,PENDING,2021-02-23
CR-10054,1243,-1000.0,11.19,PAID,2021-02-24
CR-10055,1831,-1000.0,21.48,PAID,2021-02-25
CR-10056,1504,-1000.0,24.1,PAID,2021-02-26
CR-10057,1130,-1000.0,21.42,PENDING,2021-02-27
CR-10058,1484,-1000.0,5.03,REJECTED,2021-02-28
CR-10059,1818,-1000.0,17.73,APPROVED,2021-03-01
CR-10060,1646,-1000.0,6.02,PENDING,2021-03-02
CR-10061,1020,12719.12,10.15,PAID,2021-03-03
CR-10062,1840,30114.12,6.19,PENDING,2021-03-04
CR-10063,1166,7591.0,17.08,PAID,2021-03-05
CR-10064,1273,9702.73,18.73,APPROVED,2021-03-06
CR-10065,1387,34494.4,7.29,APPROVED,2021-03-07
CR-10066,1600,27143.81,12.68,REJECTED,2021-03-08
CR-10067,1315,123164.64,14.12,PAID,2021-03-09
CR-10068,1013,22501.73,12.38,REJECTED,2021-03-10
CR-10069,1241,43445.12,7.42,REJECTED,2021-03-11
CR-10070,1776,50019.54,13.38,APPROVED,2021-03-12
CR-10071,1345,659.05,20.02,PENDING,2021-03-13
CR-10072,1564,54463.41,6.42,PENDING,2021-03-14
CR-10073,1897,9802.93,6.6,REJECTED,2021-03-15
CR-10074,1339,162299.91,12.1,APPROVED,2021-03-16
CR-10075,1091,8047.35,23.83,PAID,2021-03-17
CR-10076,1366,26775.06,18.37,PENDING,2021-03-18
CR-10077,1955,4460.67,18.57,REJECTED,2021-03-19
CR-10078,1454,288404.08,12.24,PENDING,2021-03-20
CR-10079,1427,34877.34,16.87,PENDING,2021-03-21
CR-10080,1508,45240.97,5.2,PAID,2021-03-22
CR-10081,1775,3471.6,17.72,APPROVED,2021-03-23
CR-10082,1942,69306.81,23.27,PAID,2021-03-24
CR-10083,1034,11780.14,17.25,APPROVED,2021-03-25
CR-10084,1205,114165.74,22.47,PENDING,2021-03-26
CR-10085,1080,11479.44,19.48,REJECTED,2021-03-27
CR-10086,1931,10578.52,7.41,PAID,2021-03-28
CR-10087,1561,1861.72,23.05,APPROVED,2021-03-29
CR-10088,1871,31939.29,6.33,PENDING,2021-03-30
CR-10089,1387,41602.21,15.68,APPROVED,2021-03-31
CR-10090,1001,3398.35,7.84,APPROVED,2021-04-01
CR-10091,1389,74700.13,5.23,APPROVED,2021-04-02
CR-10092,1565,30191.73,13.44,PENDING,2021-04-03
CR-10093,1105,37157.88,10.9,REJECTED,2021-04-04
CR-10094,1771,29059.07,14.72,REJECTED,2021-04-05
CR-10095,1821,25604.91,16.54,REJECTED,2021-04-06
CR-10096,1476,41008.17,5.87,APPROVED,2021-04-07
CR-10097,1702,8435.15,7.46,PENDING,2021-04-08
CR-10098,1401,10040.25,16.17,APPROVED,2021-04-09
CR-10099,1729,98947.47,11.86,REJECTED,2021-04-10
CR-10100,1555,146045.59,500.0,REJECTED,2021-04-11
CR-10101,1161,23365.11,500.0,PENDING,2021-04-12
CR-10102,1201,15786.57,500.0,APPROVED,2021-04-13
CR-10103,1957,51641.16,500.0,PAID,2021-04-14
CR-10104,1995,26274.48,500.0,PAID,2021-04-15
CR-10105,1269,1285.71,500.0,REJECTED,2021-04-16
CR-10106,1862,8489.18,10.51,PENDING,2021-04-17
CR-10107,1815,62934.16,11.13,APPROVED,2021-04-18
CR-10108,1270,53782.49,20.78,APPROVED,2021-04-19
CR-10109,1455,1373.49,13.93,REJECTED,2021-04-20
CR-10110,1461,12549.65,20.97,REJECTED,2021-04-21
CR-10111,1726,13138.08,21.45,APPROVED,2021-04-22
CR-10112,1251,55720.74,22.15,APPROVED,2021-04-23
CR-10113,1701,995.37,23.33,REJECTED,2021-04-24
CR-10114,1295,5496.8,13.62,APPROVED,2021-04-25
CR-10115,1724,80450.92,11.38,PAID,2021-04-26
CR-10116,1719,9833.89,16.64,REJECTED,2021-04-27
CR-10117,1748,52884.95,12.42,APPROVED,2021-04-28
CR-10118,1337,13602.43,17.02,REJECTED,2021-04-29
CR-10119,1878,5237.0,19.11,PENDING,2021-04-30
CR-10120,1052,13930.98,18.77,REJECTED,2021-05-01
CR-10121,1791,64054.74,12.49,REJECTED,2021-05-02
CR-10122,1921,96791.82,8.34,PENDING,2021-05-03
CR-10123,1216,88662.55,13.61,PAID,2021-05-04
CR-10124,1763,25307.12,7.85,APPROVED,2021-05-05
CR-10125,1187,55143.84,22.8,PENDING,2021-05-06
CR-10126,1379,11469.67,11.92,REJECTED,2021-05-07
CR-10127,1492,17346.68,8.09,APPROVED,2021-05-08
CR-10128,1040,113329.93,5.51,PENDING,2021-05-09
CR-10129,1156,654.36,17.92,APPROVED,2021-05-10
CR-10130,1014,4469.36,17.74,APPROVED,2021-05-11
CR-10131,1812,11652.51,11.81,PENDING,2021-05-12
CR-10132,1064,1344.53,6.43,APPROVED,2021-05-13
CR-10133,1856,10010.15,13.19,PAID,2021-05-14
CR-10134,1838,43738.44,11.22,PENDING,2021-05-15
CR-10135,1520,27359.32,18.54,PAID,2021-05-16
CR-10136,1343,111593.15,17.12,REJECTED,2021-05-17
CR-10137,1128,85034.8,12.29,APPROVED,2021-05-18
CR-10138,1647,20913.64,9.36,REJECTED,2021-05-19
CR-10139,1471,15016.31,24.76,REJECTED,2021-05-20
CR-10140,1062,23876.99,14.08,APPROVED,2021-05-21
CR-10141,1138,44615.89,18.77,PENDING,2021-05-22
CR-10142,1498,15603.09,7.81,APPROVED,2021-05-23
CR-10143,1592,48928.11,14.71,REJECTED,2021-05-24
CR-10144,1391,26331.8,5.55,REJECTED,2021-05-25
CR-10145,1674,40153.37,15.11,PENDING,2021-05-26
CR-10146,1418,28646.27,24.28,APPROVED,2021-05-27
CR-10147,1288,17440.0,12.68,REJECTED,2021-05-28
CR-10148,1378,148263.36,5.78,PAID,2021-05-29
CR-10149,1772,72112.73,5.62,REJECTED,2021-05-30
CR-10150,1489,7547.72,12.76,REJECTED,2021-05-31
CR-10151,1230,101425.25,8.2,PENDING,2021-06-01
CR-10152,1040,33416.02,5.47,PAID,2021-06-02
CR-10153,1027,112476.97,20.12,REJECTED,2021-06-03
CR-10154,1134,80435.72,14.17,REJECTED,2021-06-04
CR-10155,1200,27687.83,10.78,PAID,2021-06-05
CR-10156,1839,1136.28,23.0,APPROVED,2021-06-06
CR-10157,1779,15645.03,7.32,APPROVED,2021-06-07
CR-10158,1929,39004.39,24.12,REJECTED,2021-06-08
CR-10159,1032,50184.87,11.28,REJECTED,2021-06-09
CR-10160,1047,14912.73,22.77,APPROVED,2021-06-10
CR-10161,1502,7503.72,17.06,PENDING,2021-06-11
CR-10162,1406,90069.35,21.53,PAID,2021-06-12
CR-10163,1573,208031.21,24.68,PAID,2021-06-13
CR-10164,1727,37294.73,10.77,PENDING,2021-06-14
CR-10165,1804,9417.74,24.22,PENDING,2021-06-15
CR-10166,1098,15893.82,12.79,PENDING,2021-06-16
CR-10167,1683,928.09,12.71,PENDING,2021-06-17
CR-10168,1871,122844.43,11.81,PENDING,2021-06-18
CR-10169,1725,6264.05,15.83,PENDING,2021-06-19
CR-10170,1986,42962.03,8.08,PAID,2021-06-20
CR-10171,1546,16014.07,16.07,PENDING,2021-06-21
CR-10172,1960,40391.78,15.83,APPROVED,2021-06-22
CR-10173,1738,52694.43,20.24,PENDING,2021-06-23
CR-10174,1612,88521.96,21.67,PENDING,2021-06-24
CR-10175,1942,11560.13,13.81,PAID,2021-06-25
CR-10176,1461,552.84,11.05,PAID,2021-06-26
CR-10177,1642,7360.4,10.19,PENDING,2021-06-27
CR-10178,1768,115138.58,8.89,PAID,2021-06-28
CR-10179,1004,103530.07,6.15,REJECTED,2021-06-29
CR-10180,1217,45492.22,11.85,PAID,2021-06-30
CR-10181,1502,45879.19,10.4,PAID,2021-07-01
CR-10182,1766,54686.71,24.33,PAID,2021-07-02
CR-10183,1397,9641.1,16.15,PAID,2021-07-03
CR-10184,1870,122910.48,11.95,APPROVED,2021-07-04
CR-10185,1794,27130.48,16.61,APPROVED,2021-07-05
CR-10186,1392,24155.54,7.78,APPROVED,2021-07-06
CR-10187,1206,36585.85,13.88,PENDING,2021-07-07
CR-10188,1014,2405.23,17.52,PENDING,2021-07-08
CR-10189,1857,9093.09,14.78,REJECTED,2021-07-09
CR-10190,1553,66976.95,13.04,APPROVED,2021-07-10
CR-10191,1891,4321.41,24.88,PENDING,2021-07-11
CR-10192,1460,46210.11,22.61,PAID,2021-07-12
CR-10193,1690,14075.0,17.47,PAID,2021-07-13
CR-10194,1574,24657.11,16.39,APPROVED,2021-07-14
CR-10195,1863,17032.61,17.41,REJECTED,2021-07-15
CR-10196,1742,21977.42,9.03,REJECTED,2021-07-16
CR-10197,1240,63478.2,12.9,PAID,2021-07-17
CR-10198,1563,17628.58,5.79,REJECTED,2021-07-18
CR-10199,1095,41782.18,14.51,APPROVED,2021-07-19
CR-10200,1899,32317.99,15.86,PAID,2021-07-20
CR-10201,1733,54483.3,9.55,PENDING,2021-07-21
CR-10202,1484,138096.08,24.28,PENDING,2021-07-22
CR-10203,1406,65945.26,23.19,REJECTED,2021-07-23
CR-10204,1230,12099.78,19.44,PAID,2021-07-24
CR-10205,1748,1583.98,15.67,PAID,2021-07-25
CR-10206,1654,15208.47,22.4,PENDING,2021-07-26
CR-10207,1170,45203.03,7.61,PAID,2021-07-27
CR-10208,1540,2639.76,20.81,PAID,2021-07-28
CR-10209,1035,34295.3,7.5,PAID,2021-07-29
CR-10210,1524,45421.44,20.88,REJECTED,2021-07-30
CR-10211,1159,20341.59,10.52,PAID,2021-07-31
CR-10212,1838,73682.5,22.54,APPROVED,2021-08-01
CR-10213,1698,5635.95,23.88,REJECTED,2021-08-02
CR-10214,1242,3905.53,7.98,PAID,2021-08-03
CR-10215,1085,65132.37,14.25,PAID,2021-08-04
CR-10216,1795,34208.51,24.62,APPROVED,2021-08-05
CR-10217,1577,58302.13,14.67,REJECTED,2021-08-06
CR-10218,1681,28531.2,22.27,PENDING,2021-08-07
CR-10219,1556,14144.81,16.77,PENDING,2021-08-08
CR-10220,1573,85491.18,12.51,REJECTED,2021-08-09
CR-10221,1952,80326.08,10.72,PAID,2021-08-10
CR-10222,1645,59322.44,9.06,PAID,2021-08-11
CR-10223,1795,15882.68,20.24,PENDING,2021-08-12
CR-10224,1027,44608.04,12.73,PENDING,2021-08-13
CR-10225,1619,22390.5,15.23,PENDING,2021-08-14
CR-10226,1555,4802.54,14.85,APPROVED,2021-08-15
CR-10227,1339,124634.99,16.55,PENDING,2021-08-16
CR-10228,1797,7356.52,22.31,APPROVED,2021-08-17
CR-10229,1957,150024.53,24.61,REJECTED,2021-08-18
CR-10230,1330,29530.05,13.15,PAID,2021-08-19
CR-10231,1639,10236.51,21.55,PENDING,2021-08-20
CR-10232,1505,39033.49,20.29,PAID,2021-08-21
CR-10233,1347,103157.09,16.47,PAID,2021-08-22
CR-10234,1472,65880.39,24.12,PENDING,2021-08-23
CR-10235,1230,82139.69,9.01,PENDING,2021-08-24
CR-10236,1189,53761.89,7.19,REJECTED,2021-08-25
CR-10237,1224,58927.69,22.08,APPROVED,2021-08-26
CR-10238,1384,94588.6,13.78,APPROVED,2021-08-27
CR-10239,1376,14361.98,21.94,PAID,2021-08-28
CR-10240,1282,33610.88,22.86,PENDING,2021-08-29
CR-10241,1957,12500.66,6.25,REJECTED,2021-08-30
CR-10242,1632,219777.92,22.67,REJECTED,2021-08-31
CR-10243,1627,144173.19,13.97,REJECTED,2021-09-01
CR-10244,1972,2011.26,15.21,REJECTED,2021-09-02
CR-10245,1744,61136.58,17.53,REJECTED,2021-09-03
CR-10246,1258,129679.18,23.53,APPROVED,2021-09-04
CR-10247,1358,9957.64,5.38,APPROVED,2021-09-05
CR-10248,1709,41960.15,14.54,APPROVED,2021-09-06
CR-10249,1455,123543.26,18.75,PENDING,2021-09-07
CR-10250,1410,1726.78,19.45,PAID,2021-09-08
CR-10251,1648,59770.52,18.85,REJECTED,2021-09-09
CR-10252,1317,17644.75,7.69,PENDING,2021-09-10
CR-10253,1676,129112.43,10.99,REJECTED,2021-09-11
CR-10254,1224,177123.5,12.17,APPROVED,2021-09-12
CR-10255,1818,144358.68,21.09,PENDING,2021-09-13
CR-10256,1233,32143.07,10.58,APPROVED,2021-09-14
CR-10257,1683,99040.54,9.21,REJECTED,2021-09-15
CR-10258,1663,93071.36,24.15,REJECTED,2021-09-16
CR-10259,1974,19217.03,5.18,PAID,2021-09-17
CR-10260,1826,88279.88,24.96,REJECTED,2021-09-18
CR-10261,1373,1885.49,18.54,APPROVED,2021-09-19
CR-10262,1671,45350.43,21.57,REJECTED,2021-09-20
CR-10263,1607,13068.81,10.89,PAID,2021-09-21
CR-10264,1471,6423.89,5.29,PAID,2021-09-22
CR-10265,1232,4003.77,19.76,APPROVED,2021-09-23
CR-10266,1691,59583.9,21.68,PENDING,2021-09-24
CR-10267,1112,20766.3,19.81,REJECTED,2021-09-25
CR-10268,1829,64506.82,7.86,PAID,2021-09-26
CR-10269,1496,3379.5,20.07,REJECTED,2021-09-27
CR-10270,1441,18938.02,20.38,REJECTED,2021-09-28
CR-10271,1563,38771.18,18.17,PENDING,2021-09-29
CR-10272,1267,78204.87,20.32,PAID,2021-09-30
CR-10273,1509,19191.48,21.92,REJECTED,2021-10-01
CR-10274,1806,49160.45,17.27,PAID,2021-10-02
CR-10275,1385,108568.08,6.77,APPROVED,2021-10-03
CR-10276,1386,47837.83,14.75,APPROVED,2021-10-04
CR-10277,1112,13260.78,6.55,REJECTED,2021-10-05
CR-10278,1612,1235.17,13.15,PAID,2021-10-06
CR-10279,1624,102049.08,13.14,REJECTED,2021-10-07
CR-10280,1951,1074.94,6.32,PAID,2021-10-08
CR-10281,1080,103852.89,11.98,PAID,2021-10-09
CR-10282,1698,37638.19,7.22,PENDING,2021-10-10
CR-10283,1112,139899.59,21.16,PENDING,2021-10-11
CR-10284,1001,80168.63,23.95,PENDING,2021-10-12
CR-10285,1641,309109.72,6.45,REJECTED,2021-10-13
CR-10286,1219,21593.93,24.1,PENDING,2021-10-14
CR-10287,1565,72876.26,15.45,PENDING,2021-10-15
CR-10288,1854,25702.45,10.99,APPROVED,2021-10-16
CR-10289,1996,32684.37,6.54,PAID,2021-10-17
CR-10290,1735,49376.65,15.01,PAID,2021-10-18
CR-10291,1224,103445.7,20.89,PENDING,2021-10-19
CR-10292,1384,207019.85,19.14,PAID,2021-10-20
CR-10293,1402,73109.86,6.0,APPROVED,2021-10-21
CR-10294,1637,27044.21,6.46,APPROVED,2021-10-22
CR-10295,1129,27353.48,13.06,PENDING,2021-10-23
CR-10296,1052,66890.89,10.91,APPROVED,2021-10-24
CR-10297,1683,13641.46,9.65,PAID,2021-10-25
CR-10298,1729,5853.33,10.62,REJECTED,2021-10-26
CR-10299,1671,21895.97,21.07,PAID,2021-10-27
CR-10300,1709,16930.46,23.58,REJECTED,2021-10-28
CR-10301,1415,17570.73,13.1,PENDING,2021-10-29
CR-10302,1246,13303.06,23.12,REJECTED,2021-10-30
CR-10303,1835,2150.24,11.43,APPROVED,2021-10-31
CR-10304,1438,901.78,14.53,PAID,2021-11-01
CR-10305,1202,219998.9,9.52,REJECTED,2021-11-02
CR-10306,1183,27910.99,17.81,PAID,2021-11-03
CR-10307,1122,24251.94,24.58,PENDING,2021-11-04
CR-10308,1400,56916.63,17.07,PENDING,2021-11-05
CR-10309,1766,12311.26,12.16,APPROVED,2021-11-06
CR-10310,1293,149747.81,17.96,PENDING,2021-11-07
CR-10311,1279,77169.64,7.46,REJECTED,2021-11-08
CR-10312,1836,4683.18,22.77,PENDING,2021-11-09
CR-10313,1883,27028.24,15.06,APPROVED,2021-11-10
CR-10314,1609,105647.15,13.99,PAID,2021-11-11
CR-10315,1197,144778.08,16.72,PAID,2021-11-12
CR-10316,1981,31499.37,17.5,PENDING,2021-11-13
CR-10317,1906,47519.71,6.44,REJECTED,2021-11-14
CR-10318,1510,9138.12,18.65,APPROVED,2021-11-15
CR-10319,1751,236472.23,9.84,REJECTED,2021-11-16
CR-10320,1143,13176.91,19.28,APPROVED,2021-11-17
CR-10321,1608,143000.47,21.45,PENDING,2021-11-18
CR-10322,1200,52440.65,21.08,APPROVED,2021-11-19
CR-10323,1123,46791.11,16.05,APPROVED,2021-11-20
CR-10324,1186,35942.59,15.4,PENDING,2021-11-21
CR-10325,1325,13111.75,7.86,REJECTED,2021-11-22
CR-10326,1463,9711.29,20.51,PENDING,2021-11-23
CR-10327,1348,12454.24,10.43,APPROVED,2021-11-24
CR-10328,1770,10316.67,14.93,PENDING,2021-11-25
CR-10329,1659,75612.04,10.69,APPROVED,2021-11-26
CR-10330,1763,21548.78,7.68,PENDING,2021-11-27
CR-10331,1954,2979.15,17.59,PAID,2021-11-28
CR-10332,1931,173854.21,6.09,PAID,2021-11-29
CR-10333,1402,107616.05,19.97,PENDING,2021-11-30
CR-10334,1345,131382.73,11.35,REJECTED,2021-12-01
CR-10335,1962,264002.49,5.0,APPROVED,2021-12-02
CR-10336,1510,9551.68,15.22,PAID,2021-12-03
CR-10337,1146,25229.09,5.94,REJECTED,2021-12-04
CR-10338,1147,70990.17,10.52,APPROVED,2021-12-05
CR-10339,1863,59539.77,19.14,PAID,2021-12-06
CR-10340,1710,8355.64,6.25,PAID,2021-12-07
CR-10341,1819,84595.65,21.79,PENDING,2021-12-08
CR-10342,1488,12708.53,5.08,APPROVED,2021-12-09
CR-10343,1928,12668.39,9.94,REJECTED,2021-12-10
CR-10344,1935,38498.65,19.82,REJECTED,2021-12-11
CR-10345,1639,44939.73,11.33,REJECTED,2021-12-12
CR-10346,1550,43385.29,7.04,APPROVED,2021-12-13
CR-10347,1337,4797.3,12.2,REJECTED,2021-12-14
CR-10348,1871,104966.24,10.41,REJECTED,2021-12-15
CR-10349,1640,15435.07,21.85,REJECTED,2021-12-16
CR-10350,1778,6935.23,11.27,PENDING,2021-12-17
CR-10351,1987,109797.9,20.78,PENDING,2021-12-18
CR-10352,1952,155783.82,22.84,APPROVED,2021-12-19
CR-10353,1472,99071.34,13.68,APPROVED,2021-12-20
CR-10354,1945,82909.37,23.2,REJECTED,2021-12-21
CR-10355,1150,53245.63,12.55,PENDING,2021-12-22
CR-10356,1414,40020.74,24.28,PAID,2021-12-23
CR-10357,1989,4550.24,6.79,PAID,2021-12-24
CR-10358,1297,26250.72,18.74,REJECTED,2021-12-25
CR-10359,1610,23315.6,14.88,REJECTED,2021-12-26
CR-10360,1262,15038.62,12.75,PENDING,2021-12-27
CR-10361,1763,64262.78,17.65,PENDING,2021-12-28
CR-10362,1143,34246.62,19.08,PENDING,2021-12-29
CR-10363,1345,4225.97,5.09,APPROVED,2021-12-30
CR-10364,1623,12434.81,8.34,APPROVED,2021-12-31
CR-10365,1571,57483.51,19.26,REJECTED,2022-01-01
CR-10366,1880,3959.24,18.33,APPROVED,2022-01-02
CR-10367,1001,95259.93,24.32,PENDING,2022-01-03
CR-10368,1896,34174.35,20.22,PENDING,2022-01-04
CR-10369,1303,32752.76,24.02,APPROVED,2022-01-05
CR-10370,1253,44874.4,19.05,PAID,2022-01-06
CR-10371,1651,87057.4,10.96,REJECTED,2022-01-07
CR-10372,1452,21370.91,7.11,PAID,2022-01-08
CR-10373,1036,56662.69,20.64,REJECTED,2022-01-09
CR-10374,1159,41704.67,17.88,PAID,2022-01-10
CR-10375,1008,15532.41,5.96,APPROVED,2022-01-11
CR-10376,1232,105445.57,12.2,REJECTED,2022-01-12
CR-10377,1098,79832.51,24.14,REJECTED,2022-01-13
CR-10378,1658,53713.33,15.01,REJECTED,2022-01-14
CR-10379,1815,95050.29,13.65,PENDING,2022-01-15
CR-10380,1207,100981.03,14.15,PENDING,2022-01-16
CR-10381,1130,61612.27,9.18,PAID,2022-01-17
CR-10382,1403,90704.34,12.37,APPROVED,2022-01-18
CR-10383,1151,59778.98,12.4,PENDING,2022-01-19
CR-10384,1053,56993.71,6.05,REJECTED,2022-01-20
CR-10385,1119,48196.82,20.35,PENDING,2022-01-21
CR-10386,1672,69861.02,13.33,APPROVED,2022-01-22
CR-10387,1919,8634.71,21.44,PENDING,2022-01-23
CR-10388,1627,106377.32,22.01,REJECTED,2022-01-24
CR-10389,1586,102725.17,9.24,PAID,2022-01-25
CR-10390,1624,1484.18,18.15,REJECTED,2022-01-26
CR-10391,1967,87382.37,14.45,APPROVED,2022-01-27
CR-10392,1419,6898.2,22.6,PAID,2022-01-28
CR-10393,1421,20407.35,9.31,PENDING,2022-01-29
CR-10394,1103,68032.94,18.56,PENDING,2022-01-30
CR-10395,1851,8762.92,17.16,PENDING,2022-01-31
CR-10396,1253,85178.37,10.91,PAID,2022-02-01
CR-10397,1226,89229.51,7.73,REJECTED,2022-02-02
CR-10398,1111,35409.77,18.03,PAID,2022-02-03
CR-10399,1509,320.32,19.77,PAID,2022-02-04
CR-10400,1472,16916.37,11.31,APPROVED,2022-02-05
CR-10401,1098,47976.47,17.9,PAID,2022-02-06
CR-10402,1152,198658.17,12.9,PENDING,2022-02-07
CR-10403,1860,49958.29,19.26,REJECTED,2022-02-08
CR-10404,1913,15041.98,8.98,REJECTED,2022-02-09
CR-10405,1895,50256.88,22.8,REJECTED,2022-02-10
CR-10406,1877,38824.85,10.75,PENDING,2022-02-11
CR-10407,1337,75671.26,12.36,PENDING,2022-02-12
CR-10408,1705,5657.35,6.16,PENDING,2022-02-13
CR-10409,1821,71570.42,7.23,PENDING,2022-02-14
CR-10410,1162,38964.3,15.32,PENDING,2022-02-15
CR-10411,1719,164831.06,10.35,PAID,2022-02-16
CR-10412,1956,20917.8,21.71,PENDING,2022-02-17
CR-10413,1680,50068.18,5.29,PENDING,2022-02-18
CR-10414,1995,134433.05,12.58,PENDING,2022-02-19
CR-10415,1160,5407.65,11.75,PENDING,2022-02-20
CR-10416,1579,138412.7,5.39,REJECTED,2022-02-21
CR-10417,1800,58219.29,7.49,PENDING,2022-02-22
CR-10418,1397,3512.38,13.27,PAID,2022-02-23
CR-10419,1276,17902.62,14.86,PAID,2022-02-24
CR-10420,1815,61579.55,13.09,PAID,2022-02-25
CR-10421,1915,3486.3,15.62,APPROVED,2022-02-26
CR-10422,1503,43634.09,16.9,REJECTED,2022-02-27
CR-10423,1895,21223.46,5.2,PENDING,2022-02-28
CR-10424,1391,48499.81,14.28,APPROVED,2022-03-01
CR-10425,1134,2341.06,24.27,PENDING,2022-03-02
CR-10426,1194,102605.64,15.38,APPROVED,2022-03-03
CR-10427,1400,181509.72,18.55,APPROVED,2022-03-04
CR-10428,1639,173491.78,11.24,PAID,2022-03-05
CR-10429,1032,69245.13,20.48,PAID,2022-03-06
CR-10430,1687,6968.06,20.46,APPROVED,2022-03-07
CR-10431,1459,70995.29,15.43,PAID,2022-03-08
CR-10432,1954,1244.71,24.52,APPROVED,2022-03-09
CR-10433,1882,1118.6,7.51,REJECTED,2022-03-10
CR-10434,1469,19549.29,5.34,PAID,2022-03-11
CR-10435,1374,33534.38,20.4,PAID,2022-03-12
CR-10436,1021,73572.45,21.14,PAID,2022-03-13
CR-10437,1749,57489.29,7.4,REJECTED,2022-03-14
CR-10438,1669,29520.75,10.31,APPROVED,2022-03-15
CR-10439,1037,15984.56,5.35,PENDING,2022-03-16
CR-10440,1229,292576.44,10.87,PAID,2022-03-17
CR-10441,1364,27772.09,20.46,APPROVED,2022-03-18
CR-10442,1562,30018.1,15.36,REJECTED,2022-03-19
CR-10443,1437,8933.84,11.96,PENDING,2022-03-20
CR-10444,1775,79190.84,12.43,PAID,2022-03-21
CR-10445,1282,59156.61,5.03,REJECTED,2022-03-22
CR-10446,1026,12472.43,11.0,REJECTED,2022-03-23
CR-10447,1225,4298.65,17.93,PENDING,2022-03-24
CR-10448,1276,57049.79,24.48,APPROVED,2022-03-25
CR-10449,1797,53139.75,21.94,PAID,2022-03-26
CR-10450,1608,15959.29,5.47,PAID,2022-03-27
CR-10451,1283,150657.72,22.97,APPROVED,2022-03-28
CR-10452,1878,8188.21,20.66,APPROVED,2022-03-29
CR-10453,1959,28311.17,20.61,APPROVED,2022-03-30
CR-10454,1480,143778.42,14.16,PENDING,2022-03-31
CR-10455,1452,27212.86,12.96,PENDING,2022-04-01
CR-10456,1828,50878.25,11.06,PAID,2022-04-02
CR-10457,1815,25341.22,6.31,PENDING,2022-04-03
CR-10458,1658,16025.09,9.56,REJECTED,2022-04-04
CR-10459,1515,206688.53,9.93,PAID,2022-04-05
CR-10460,1546,26325.23,14.68,PENDING,2022-04-06
CR-10461,1191,112262.63,19.95,APPROVED,2022-04-07
CR-10462,1048,13065.29,14.48,REJECTED,2022-04-08
CR-10463,1511,11983.0,6.16,APPROVED,2022-04-09
CR-10464,1016,1581.45,24.16,PAID,2022-04-10
CR-10465,1171,52729.79,23.85,APPROVED,2022-04-11
CR-10466,1219,22984.95,20.7,PENDING,2022-04-12
CR-10467,1157,99886.9,24.83,PENDING,2022-04-13
CR-10468,1476,32047.66,15.89,PAID,2022-04-14
CR-10469,1045,172404.12,24.26,APPROVED,2022-04-15
CR-10470,1372,10260.61,6.51,PAID,2022-04-16
CR-10471,1517,101484.28,12.31,APPROVED,2022-04-17
CR-10472,1098,74938.87,9.51,REJECTED,2022-04-18
CR-10473,1891,73684.6,8.92,PENDING,2022-04-19
CR-10474,1744,93146.63,7.82,PAID,2022-04-20
CR-10475,1036,71569.61,17.45,REJECTED,2022-04-21
CR-10476,1279,49204.44,20.63,REJECTED,2022-04-22
CR-10477,1348,7034.7,16.57,PAID,2022-04-23
CR-10478,1496,1653.35,7.94,PAID,2022-04-24
CR-10479,1301,126819.17,21.22,REJECTED,2022-04-25
CR-10480,1180,47940.38,17.72,APPROVED,2022-04-26
CR-10481,1606,79613.63,12.76,REJECTED,2022-04-27
CR-10482,1098,32842.92,18.48,PAID,2022-04-28
CR-10483,1699,6238.96,10.2,REJECTED,2022-04-29
CR-10484,1992,6687.19,11.9,APPROVED,2022-04-30
CR-10485,1115,57848.94,23.35,PENDING,2022-05-01
CR-10486,1190,28132.79,10.81,PENDING,2022-05-02
CR-10487,1252,11189.98,14.4,REJECTED,2022-05-03
CR-10488,1980,33823.8,22.8,APPROVED,2022-05-04
CR-10489,1927,3318.15,19.15,PENDING,2022-05-05
CR-10490,1982,43610.27,6.24,REJECTED,2022-05-06
CR-10491,1160,15666.64,7.95,REJECTED,2022-05-07
CR-10492,1255,79865.36,5.16,APPROVED,2022-05-08
CR-10493,1322,18579.42,17.62,PAID,2022-05-09
CR-10494,1127,30368.68,13.95,REJECTED,2022-05-10
CR-10495,1017,584.43,7.69,PAID,2022-05-11
CR-10496,1792,3760.26,24.16,PAID,2022-05-12
CR-10497,1734,24919.62,15.59,PENDING,2022-05-13
CR-10498,1565,32690.44,9.84,PAID,2022-05-14
CR-10499,1569,45817.11,15.01,APPROVED,2022-05-15
CR-10500,1322,17241.74,18.59,PENDING,2022-05-16
CR-10501,1871,59369.21,6.52,PENDING,2022-05-17
CR-10502,1685,98349.38,10.49,PENDING,2022-05-18
CR-10503,1791,75672.53,21.14,REJECTED,2022-05-19
CR-10504,1625,2021.25,14.19,REJECTED,2022-05-20
CR-10505,1287,32745.09,15.93,PAID,2022-05-21
CR-10506,1942,5542.68,13.66,PENDING,2022-05-22
CR-10507,1853,13856.56,5.88,PENDING,2022-05-23
CR-10508,1662,215859.13,8.31,APPROVED,2022-05-24
CR-10509,1961,7686.45,13.91,PAID,2022-05-25
CR-10510,1638,34546.3,9.18,APPROVED,2022-05-26
CR-10511,1154,48137.12,6.0,PAID,2022-05-27
CR-10512,1489,60611.17,21.87,PAID,2022-05-28
CR-10513,1385,41009.12,24.62,REJECTED,2022-05-29
CR-10514,1985,490.94,20.86,REJECTED,2022-05-30
CR-10515,1784,19760.49,22.08,APPROVED,2022-05-31
CR-10516,1103,36460.65,9.84,PAID,2022-06-01
CR-10517,1928,4598.45,24.21,PENDING,2022-06-02
CR-10518,1392,21587.39,8.94,REJECTED,2022-06-03
CR-10519,1810,1688.34,24.03,PENDING,2022-06-04
CR-10520,1245,4091.88,24.9,APPROVED,2022-06-05
CR-10521,1175,25285.54,19.23,REJECTED,2022-06-06
CR-10522,1038,7119.43,24.62,REJECTED,2022-06-07
CR-10523,1476,41913.37,16.39,PAID,2022-06-08
CR-10524,1681,58472.93,10.19,APPROVED,2022-06-09
CR-10525,1758,80618.79,13.74,PAID,2022-06-10
CR-10526,1537,11166.57,16.87,REJECTED,2022-06-11
CR-10527,1866,9165.06,6.46,APPROVED,2022-06-12
CR-10528,1817,5522.44,17.45,REJECTED,2022-06-13
CR-10529,1920,50589.21,24.62,APPROVED,2022-06-14
CR-10530,1407,61289.75,8.8,REJECTED,2022-06-15
CR-10531,1524,1604.79,20.85,PENDING,2022-06-16
CR-10532,1827,137609.7,23.16,PENDING,2022-06-17
CR-10533,1505,2668.52,23.87,PAID,2022-06-18
CR-10534,1902,38967.54,24.2,PENDING,2022-06-19
CR-10535,1824,61732.0,15.43,REJECTED,2022-06-20
CR-10536,1035,102385.18,24.55,REJECTED,2022-06-21
CR-10537,1684,62603.37,20.15,PENDING,2022-06-22
CR-10538,1019,80905.79,8.23,PAID,2022-06-23
CR-10539,1320,20734.14,14.54,PENDING,2022-06-24
CR-10540,1775,84322.73,19.37,APPROVED,2022-06-25
CR-10541,1511,4175.32,9.95,APPROVED,2022-06-26
CR-10542,1399,112602.52,17.81,APPROVED,2022-06-27
CR-10543,1653,39658.58,18.33,PENDING,2022-06-28
CR-10544,1971,84994.88,8.25,PENDING,2022-06-29
CR-10545,1882,30103.05,16.3,PENDING,2022-06-30
CR-10546,1470,51581.95,20.43,APPROVED,2022-07-01
CR-10547,1142,37369.89,14.98,PAID,2022-07-02
CR-10548,1091,65761.89,5.24,REJECTED,2022-07-03
CR-10549,1353,4257.74,5.18,PENDING,2022-07-04
CR-10550,1833,3112.5,12.14,PAID,2022-07-05
CR-10551,1799,14191.36,23.52,REJECTED,2022-07-06
CR-10552,1726,8690.57,9.57,REJECTED,2022-07-07
CR-10553,1958,102701.78,17.69,REJECTED,2022-07-08
CR-10554,1853,12372.71,9.44,PAID,2022-07-09
CR-10555,1050,186205.14,11.43,PAID,2022-07-10
CR-10556,1664,20541.16,21.96,APPROVED,2022-07-11
CR-10557,1697,10051.86,19.58,PAID,2022-07-12
CR-10558,1574,77960.65,6.91,PAID,2022-07-13
CR-10559,1189,53750.81,13.57,PAID,2022-07-14
CR-10560,1124,34477.26,5.58,REJECTED,2022-07-15
CR-10561,1149,40524.91,14.62,PENDING,2022-07-16
CR-10562,1313,63505.95,18.25,APPROVED,2022-07-17
CR-10563,1569,12968.0,7.37,PENDING,2022-07-18
CR-10564,1341,280431.56,10.78,PENDING,2022-07-19
CR-10565,1304,184032.0,12.96,PAID,2022-07-20
CR-10566,1691,52537.65,23.39,APPROVED,2022-07-21
CR-10567,1681,11128.59,24.87,PENDING,2022-07-22
CR-10568,1837,57007.39,5.9,PENDING,2022-07-23
CR-10569,1782,3746.87,20.22,APPROVED,2022-07-24
CR-10570,1053,1556.61,12.43,PAID,2022-07-25
CR-10571,1443,14898.94,12.85,PENDING,2022-07-26
CR-10572,1612,31052.77,20.09,REJECTED,2022-07-27
CR-10573,1992,101351.0,23.37,PENDING,2022-07-28
CR-10574,1263,64945.15,24.02,REJECTED,2022-07-29
CR-10575,1052,67876.9,16.54,PAID,2022-07-30
CR-10576,1571,27712.18,12.14,PENDING,2022-07-31
CR-10577,1619,21227.43,20.75,APPROVED,2022-08-01
CR-10578,1004,23184.28,10.02,APPROVED,2022-08-02
CR-10579,1102,219703.19,16.28,PENDING,2022-08-03
CR-10580,1195,2046.79,12.17,PAID,2022-08-04
CR-10581,1773,100882.15,18.13,PAID,2022-08-05
CR-10582,1876,43217.59,9.81,APPROVED,2022-08-06
CR-10583,1991,28867.45,8.83,PENDING,2022-08-07
CR-10584,1883,64596.08,23.36,PAID,2022-08-08
CR-10585,1349,33341.72,7.04,APPROVED,2022-08-09
CR-10586,1046,103345.32,15.12,REJECTED,2022-08-10
CR-10587,1866,115481.42,9.42,PENDING,2022-08-11
CR-10588,1822,27384.94,5.78,REJECTED,2022-08-12
CR-10589,1935,16205.4,5.72,REJECTED,2022-08-13
CR-10590,1819,44867.36,8.5,PAID,2022-08-14
CR-10591,1655,121727.8,22.34,PAID,2022-08-15
CR-10592,1268,11828.04,10.65,PAID,2022-08-16
CR-10593,1369,48771.07,24.01,PENDING,2022-08-17
CR-10594,1635,49923.9,16.63,REJECTED,2022-08-18
CR-10595,1105,66046.5,13.73,PENDING,2022-08-19
CR-10596,1669,7053.28,16.6,PAID,2022-08-20
CR-10597,1658,62908.25,15.33,REJECTED,2022-08-21
CR-10598,1656,119862.66,20.18,PENDING,2022-08-22
CR-10599,1119,9903.23,10.65,PENDING,2022-08-23
CR-10600,1830,13560.48,12.06,APPROVED,2022-08-24
CR-10601,1786,177708.85,22.88,PENDING,2022-08-25
CR-10602,1603,9982.15,23.93,PAID,2022-08-26
CR-10603,1057,96339.49,22.85,PENDING,2022-08-27
CR-10604,1950,33891.05,13.39,REJECTED,2022-08-28
CR-10605,1345,14199.85,20.61,PENDING,2022-08-29
CR-10606,1740,102300.3,14.53,APPROVED,2022-08-30
CR-10607,1473,29466.87,14.95,REJECTED,2022-08-31
CR-10608,1116,36161.49,9.09,REJECTED,2022-09-01
CR-10609,1829,22254.5,16.82,APPROVED,2022-09-02
CR-10610,1790,44941.07,8.72,PAID,2022-09-03
CR-10611,1126,8927.86,11.63,REJECTED,2022-09-04
CR-10612,1392,24803.55,22.1,PAID,2022-09-05
CR-10613,1907,174357.9,9.14,REJECTED,2022-09-06
CR-10614,1640,14929.29,6.42,REJECTED,2022-09-07
CR-10615,1057,53462.87,6.38,PAID,2022-09-08
CR-10616,1633,19666.21,23.82,REJECTED,2022-09-09
CR-10617,1512,74244.58,15.14,PAID,2022-09-10
CR-10618,1750,7013.34,13.19,APPROVED,2022-09-11
CR-10619,1801,175030.52,21.22,PAID,2022-09-12
CR-10620,1095,30237.55,21.72,APPROVED,2022-09-13
CR-10621,1637,13462.68,11.64,REJECTED,2022-09-14
CR-10622,1117,3816.89,18.87,PAID,2022-09-15
CR-10623,1559,9301.9,20.42,REJECTED,2022-09-16
CR-10624,1600,36674.92,18.09,PAID,2022-09-17
CR-10625,1487,20549.25,8.03,APPROVED,2022-09-18
CR-10626,1236,88270.49,22.52,APPROVED,2022-09-19
CR-10627,1884,28183.86,15.78,PAID,2022-09-20
CR-10628,1896,14298.46,10.65,APPROVED,2022-09-21
CR-10629,1271,48004.95,13.5,REJECTED,2022-09-22
CR-10630,1188,61341.13,5.75,REJECTED,2022-09-23
CR-10631,1998,9138.6,7.56,PENDING,2022-09-24
CR-10632,1703,9173.26,20.31,APPROVED,2022-09-25
CR-10633,1446,1868.04,5.0,REJECTED,2022-09-26
CR-10634,1580,66666.51,13.33,PAID,2022-09-27
CR-10635,1789,54503.13,15.45,APPROVED,2022-09-28
CR-10636,1860,32182.71,6.09,REJECTED,2022-09-29
CR-10637,1246,92949.62,24.46,APPROVED,2022-09-30
CR-10638,1962,81909.92,9.52,PAID,2022-10-01
CR-10639,1075,44016.55,11.08,REJECTED,2022-10-02
CR-10640,1153,101350.53,11.08,PENDING,2022-10-03
CR-10641,1655,11523.59,9.61,PENDING,2022-10-04
CR-10642,1434,5934.65,5.03,APPROVED,2022-10-05
CR-10643,1996,15718.39,19.59,PAID,2022-10-06
CR-10644,1085,2939.06,24.34,REJECTED,2022-10-07
CR-10645,1696,37875.7,9.49,PAID,2022-10-08
CR-10646,1284,137919.06,18.26,REJECTED,2022-10-09
CR-10647,1973,2006.92,19.84,APPROVED,2022-10-10
CR-10648,1219,6511.69,21.97,REJECTED,2022-10-11
CR-10649,1068,30092.16,13.45,PAID,2022-10-12
CR-10650,1046,135810.43,11.06,PAID,2022-10-13
CR-10651,1093,19001.28,11.51,APPROVED,2022-10-14
CR-10652,1749,35386.13,19.25,PAID,2022-10-15
CR-10653,1957,2123.09,21.34,REJECTED,2022-10-16
CR-10654,1452,8028.58,8.63,APPROVED,2022-10-17
CR-10655,1203,215737.55,12.42,REJECTED,2022-10-18
CR-10656,1911,167790.22,23.04,PAID,2022-10-19
CR-10657,1217,247.61,21.13,APPROVED,2022-10-20
CR-10658,1473,151632.04,24.7,REJECTED,2022-10-21
CR-10659,1431,50960.48,20.08,PAID,2022-10-22
CR-10660,1340,101216.73,12.86,PAID,2022-10-23
CR-10661,1550,30324.61,16.81,PENDING,2022-10-24
CR-10662,1611,36241.8,18.22,PAID,2022-10-25
CR-10663,1288,33554.27,6.57,REJECTED,2022-10-26
CR-10664,1253,54960.26,15.89,APPROVED,2022-10-27
CR-10665,1733,7520.87,19.19,PENDING,2022-10-28
CR-10666,1356,1521.6,8.35,PAID,2022-10-29
CR-10667,1022,18403.4,20.61,PAID,2022-10-30
CR-10668,1761,60984.92,16.68,PAID,2022-10-31
CR-10669,1521,11273.15,24.04,REJECTED,2022-11-01
CR-10670,1757,55955.92,5.85,PENDING,2022-11-02
CR-10671,1836,175181.52,10.31,REJECTED,2022-11-03
CR-10672,1099,4930.32,17.03,PENDING,2022-11-04
CR-10673,1801,55828.95,10.93,APPROVED,2022-11-05
CR-10674,1179,29326.89,19.29,REJECTED,2022-11-06
CR-10675,1222,101301.58,20.18,REJECTED,2022-11-07
CR-10676,1905,9749.05,7.05,APPROVED,2022-11-08
CR-10677,1761,58984.49,15.28,PENDING,2022-11-09
CR-10678,1658,91043.54,15.18,PAID,2022-11-10
CR-10679,1441,144671.62,12.39,APPROVED,2022-11-11
CR-10680,1607,57481.81,23.66,PAID,2022-11-12
CR-10681,1768,34375.63,21.55,PAID,2022-11-13
CR-10682,1324,48096.74,18.94,APPROVED,2022-11-14
CR-10683,1515,101591.65,19.29,PENDING,2022-11-15
CR-10684,1015,42269.45,14.23,PAID,2022-11-16
CR-10685,1791,1542.92,23.42,APPROVED,2022-11-17
CR-10686,1335,133645.28,18.89,REJECTED,2022-11-18
CR-10687,1758,58482.88,19.58,REJECTED,2022-11-19
CR-10688,1257,56429.88,22.23,REJECTED,2022-11-20
CR-10689,1496,12146.6,10.48,APPROVED,2022-11-21
CR-10690,1987,53776.85,21.14,REJECTED,2022-11-22
CR-10691,1895,25032.58,8.9,PAID,2022-11-23
CR-10692,1159,52667.56,11.91,REJECTED,2022-11-24
CR-10693,1474,5635.65,11.71,REJECTED,2022-11-25
CR-10694,1851,53624.62,24.57,PAID,2022-11-26
CR-10695,1663,372086.15,22.13,REJECTED,2022-11-27
CR-10696,1907,2470.65,19.02,PAID,2022-11-28
CR-10697,1689,188993.16,19.54,REJECTED,2022-11-29
CR-10698,1674,26120.28,16.24,PAID,2022-11-30
CR-10699,1379,102301.67,23.94,REJECTED,2022-12-01
CR-10700,1544,76251.5,14.93,PAID,2022-12-02
CR-10701,1928,41852.76,12.61,APPROVED,2022-12-03
CR-10702,1956,67056.34,8.26,PAID,2022-12-04
CR-10703,1690,105398.46,20.72,REJECTED,2022-12-05
CR-10704,1426,25887.5,19.69,REJECTED,2022-12-06
CR-10705,1612,19802.96,12.69,PENDING,2022-12-07
CR-10706,1267,55069.82,5.5,PAID,2022-12-08
CR-10707,1834,82472.89,21.78,APPROVED,2022-12-09
CR-10708,1576,71834.17,5.23,PAID,2022-12-10
CR-10709,1416,79928.27,19.07,PAID,2022-12-11
CR-10710,1167,28598.12,24.41,APPROVED,2022-12-12
CR-10711,1841,85141.91,13.75,PAID,2022-12-13
CR-10712,1042,6403.55,9.7,APPROVED,2022-12-14
CR-10713,1555,39316.78,19.1,APPROVED,2022-12-15
CR-10714,1284,288.77,21.34,PAID,2022-12-16
CR-10715,1396,19621.46,15.93,PAID,2022-12-17
CR-10716,1011,22821.73,24.34,REJECTED,2022-12-18
CR-10717,1606,25223.35,6.03,REJECTED,2022-12-19
CR-10718,1301,59448.83,15.1,PENDING,2022-12-20
CR-10719,1897,24596.77,19.37,PENDING,2022-12-21
CR-10720,1252,29773.23,22.25,PAID,2022-12-22
CR-10721,1498,13560.53,8.59,APPROVED,2022-12-23
CR-10722,1753,23360.52,21.0,PENDING,2022-12-24
CR-10723,1034,12891.25,16.05,PAID,2022-12-25
CR-10724,1726,3800.65,12.93,PENDING,2022-12-26
CR-10725,1848,46247.48,7.63,APPROVED,2022-12-27
CR-10726,1089,55163.07,22.31,PAID,2022-12-28
CR-10727,1775,48312.19,8.15,APPROVED,2022-12-29
CR-10728,1604,31133.88,11.2,PAID,2022-12-30
CR-10729,1921,23884.52,10.8,PENDING,2022-12-31
CR-10730,1969,99510.64,22.43,REJECTED,2023-01-01
CR-10731,1601,36602.9,18.45,PENDING,2023-01-02
CR-10732,1417,32617.72,20.93,PENDING,2023-01-03
CR-10733,1114,1298.83,10.01,REJECTED,2023-01-04
CR-10734,1616,20870.39,17.5,REJECTED,2023-01-05
CR-10735,1902,23917.57,16.43,PAID,2023-01-06
CR-10736,1195,25443.28,21.66,PAID,2023-01-07
CR-10737,1825,43395.55,23.12,APPROVED,2023-01-08
CR-10738,1500,38135.86,5.24,APPROVED,2023-01-09
CR-10739,1625,46812.57,18.48,PENDING,2023-01-10
CR-10740,1492,72383.66,6.04,REJECTED,2023-01-11
CR-10741,1074,83828.52,15.98,APPROVED,2023-01-12
CR-10742,1412,63314.24,10.75,PENDING,2023-01-13
CR-10743,1375,155639.94,11.14,REJECTED,2023-01-14
CR-10744,1419,920.04,12.06,PAID,2023-01-15
CR-10745,1728,10894.0,17.43,PENDING,2023-01-16
CR-10746,1276,379.58,11.68,PAID,2023-01-17
CR-10747,1760,52131.65,19.65,APPROVED,2023-01-18
CR-10748,1675,114154.1,13.09,APPROVED,2023-01-19
CR-10749,1393,13951.47,6.37,REJECTED,2023-01-20
CR-10750,1868,130888.46,20.68,PENDING,2023-01-21
CR-10751,1456,3108.0,10.72,PAID,2023-01-22
CR-10752,1919,136236.45,13.66,REJECTED,2023-01-23
CR-10753,1191,21664.12,18.71,APPROVED,2023-01-24
CR-10754,1738,5347.02,11.65,APPROVED,2023-01-25
CR-10755,1688,33264.13,6.13,PENDING,2023-01-26
CR-10756,1098,14837.93,12.48,PAID,2023-01-27
CR-10757,1547,16764.75,23.89,PENDING,2023-01-28
CR-10758,1977,18357.19,17.83,PAID,2023-01-29
CR-10759,1998,81234.15,18.43,PAID,2023-01-30
CR-10760,1095,38735.36,17.65,PENDING,2023-01-31
CR-10761,1663,18648.03,8.98,REJECTED,2023-02-01
CR-10762,1662,47123.24,13.37,PENDING,2023-02-02
CR-10763,1189,62965.59,20.02,PENDING,2023-02-03
CR-10764,1735,15915.59,7.03,APPROVED,2023-02-04
CR-10765,1036,26683.32,10.56,APPROVED,2023-02-05
CR-10766,1779,6498.95,10.53,PENDING,2023-02-06
CR-10767,1368,9992.68,13.64,PENDING,2023-02-07
CR-10768,1694,57146.68,24.61,APPROVED,2023-02-08
CR-10769,1524,10010.33,6.35,PAID,2023-02-09
CR-10770,1278,37239.22,15.37,PENDING,2023-02-10
CR-10771,1216,61729.55,8.59,REJECTED,2023-02-11
CR-10772,1866,5651.54,24.41,REJECTED,2023-02-12
CR-10773,1872,41886.94,7.27,REJECTED,2023-02-13
CR-10774,1797,14823.55,13.07,PENDING,2023-02-14
CR-10775,1272,164743.15,19.76,PAID,2023-02-15
CR-10776,1880,33038.42,19.09,PAID,2023-02-16
CR-10777,1061,81992.94,13.45,APPROVED,2023-02-17
CR-10778,1595,39950.56,11.93,PENDING,2023-02-18
CR-10779,1879,2219.15,12.95,PAID,2023-02-19
CR-10780,1728,50140.3,10.29,PENDING,2023-02-20
CR-10781,1341,151210.03,9.11,APPROVED,2023-02-21
CR-10782,1396,46016.42,14.66,APPROVED,2023-02-22
CR-10783,1698,85515.11,10.37,APPROVED,2023-02-23
CR-10784,1018,107797.33,10.75,REJECTED,2023-02-24
CR-10785,1176,12943.7,18.14,PENDING,2023-02-25
CR-10786,1611,11915.7,24.37,APPROVED,2023-02-26
CR-10787,1395,47206.35,17.07,PENDING,2023-02-27
CR-10788,1444,26468.87,6.54,REJECTED,2023-02-28
CR-10789,1232,91585.75,6.51,REJECTED,2023-03-01
CR-10790,1914,115140.82,24.03,APPROVED,2023-03-02
CR-10791,1075,21803.02,10.95,APPROVED,2023-03-03
CR-10792,1264,13516.38,6.84,PAID,2023-03-04
CR-10793,1454,75825.96,16.98,PENDING,2023-03-05
CR-10794,1795,16065.81,17.47,APPROVED,2023-03-06
CR-10795,1717,86471.45,17.97,PAID,2023-03-07
CR-10796,1734,27559.67,10.35,PENDING,2023-03-08
CR-10797,1383,55063.28,5.3,APPROVED,2023-03-09
CR-10798,1563,5020.6,24.3,PAID,2023-03-10
CR-10799,1850,48889.6,10.02,PAID,2023-03-11
CR-10800,1505,30052.81,18.52,PENDING,2023-03-12
CR-10801,1366,44168.01,19.13,PAID,2023-03-13
CR-10802,1143,9197.0,17.2,PENDING,2023-03-14
CR-10803,1884,66756.07,11.26,PENDING,2023-03-15
CR-10804,1068,99314.71,10.42,PENDING,2023-03-16
CR-10805,1098,12214.52,16.95,REJECTED,2023-03-17
CR-10806,1395,5030.51,22.32,PAID,2023-03-18
CR-10807,1024,1196.12,23.93,PENDING,2023-03-19
CR-10808,1947,51357.13,7.12,APPROVED,2023-03-20
CR-10809,1890,46709.25,8.1,REJECTED,2023-03-21
CR-10810,1468,39559.77,23.89,REJECTED,2023-03-22
CR-10811,1483,13194.83,19.73,PAID,2023-03-23
CR-10812,1564,24789.13,22.66,PENDING,2023-03-24
CR-10813,1150,45128.8,9.05,PAID,2023-03-25
CR-10814,1143,34335.09,16.75,REJECTED,2023-03-26
CR-10815,1568,220256.66,19.02,PENDING,2023-03-27
CR-10816,1038,7334.58,18.6,APPROVED,2023-03-28
CR-10817,1108,59395.88,13.16,PENDING,2023-03-29
CR-10818,1692,25902.48,5.31,REJECTED,2023-03-30
CR-10819,1041,27948.27,16.66,APPROVED,2023-03-31
CR-10820,1185,63221.14,10.06,PENDING,2023-04-01
CR-10821,1934,58953.63,14.01,APPROVED,2023-04-02
CR-10822,1397,236969.34,24.15,APPROVED,2023-04-03
CR-10823,1222,6870.91,12.98,REJECTED,2023-04-04
CR-10824,1633,5496.86,21.8,APPROVED,2023-04-05
CR-10825,1132,64429.14,8.77,PAID,2023-04-06
CR-10826,1162,43183.36,18.45,REJECTED,2023-04-07
CR-10827,1214,16021.33,24.54,PAID,2023-04-08
CR-10828,1732,4137.53,7.04,APPROVED,2023-04-09
CR-10829,1234,4477.54,5.17,PAID,2023-04-10
CR-10830,1842,112305.93,13.67,PENDING,2023-04-11
CR-10831,1657,10651.45,6.85,APPROVED,2023-04-12
CR-10832,1750,19531.65,19.97,PENDING,2023-04-13
CR-10833,1587,12851.59,23.29,PAID,2023-04-14
CR-10834,1008,21924.96,13.68,PENDING,2023-04-15
CR-10835,1073,3597.57,10.17,APPROVED,2023-04-16
CR-10836,1953,36600.62,13.69,PENDING,2023-04-17
CR-10837,1491,3500.34,19.47,PAID,2023-04-18
CR-10838,1912,80561.1,5.18,PAID,2023-04-19
CR-10839,1252,13309.87,16.79,PAID,2023-04-20
CR-10840,1229,38827.73,17.27,APPROVED,2023-04-21
CR-10841,1518,106046.14,17.75,PAID,2023-04-22
CR-10842,1173,52616.6,9.84,APPROVED,2023-04-23
CR-10843,1652,38066.78,19.28,PENDING,2023-04-24
CR-10844,1167,19602.8,6.83,PAID,2023-04-25
CR-10845,1169,20248.41,8.99,PENDING,2023-04-26
CR-10846,1392,55355.46,22.55,REJECTED,2023-04-27
CR-10847,1945,256974.83,19.77,PENDING,2023-04-28
CR-10848,1794,54211.69,5.27,REJECTED,2023-04-29
CR-10849,1633,40797.78,9.97,PENDING,2023-04-30
CR-10850,1193,65587.28,9.29,APPROVED,2023-05-01
CR-10851,1516,31293.65,10.42,PENDING,2023-05-02
CR-10852,1028,3101.34,9.95,APPROVED,2023-05-03
CR-10853,1164,41310.71,6.25,APPROVED,2023-05-04
CR-10854,1421,158060.17,14.18,PAID,2023-05-05
CR-10855,1338,9636.96,19.65,APPROVED,2023-05-06
CR-10856,1647,58559.94,17.13,REJECTED,2023-05-07
CR-10857,1495,11215.57,18.46,PAID,2023-05-08
CR-10858,1364,38374.97,6.62,PAID,2023-05-09
CR-10859,1832,5083.72,24.03,PENDING,2023-05-10
CR-10860,1341,29925.58,21.77,APPROVED,2023-05-11
CR-10861,1499,70562.83,21.1,APPROVED,2023-05-12
CR-10862,1656,21352.69,21.46,REJECTED,2023-05-13
CR-10863,1510,54668.06,23.65,PENDING,2023-05-14
CR-10864,1326,79347.13,15.89,PENDING,2023-05-15
CR-10865,1216,130986.73,9.01,PAID,2023-05-16
CR-10866,1300,13370.58,17.34,PAID,2023-05-17
CR-10867,1131,25484.31,19.86,PAID,2023-05-18
CR-10868,1803,8268.27,19.76,REJECTED,2023-05-19
CR-10869,1069,244532.75,15.43,REJECTED,2023-05-20
CR-10870,1251,130865.45,6.37,PAID,2023-05-21
CR-10871,1414,38821.78,12.42,PENDING,2023-05-22
CR-10872,1786,92268.55,23.42,REJECTED,2023-05-23
CR-10873,1444,36798.35,16.69,PENDING,2023-05-24
CR-10874,1875,48853.24,15.77,PENDING,2023-05-25
CR-10875,1181,4667.45,10.38,APPROVED,2023-05-26
CR-10876,1166,70380.07,12.37,PAID,2023-05-27
CR-10877,1090,6831.87,22.91,APPROVED,2023-05-28
CR-10878,1713,87454.44,18.33,PAID,2023-05-29
CR-10879,1857,76169.45,20.75,PAID,2023-05-30
CR-10880,1530,61677.75,14.09,PENDING,2023-05-31
CR-10881,1038,1841.52,17.6,PAID,2023-06-01
CR-10882,1125,18057.7,9.97,PENDING,2023-06-02
CR-10883,1450,15266.01,19.11,PENDING,2023-06-03
CR-10884,1172,22325.01,13.55,PAID,2023-06-04
CR-10885,1652,4586.18,13.85,PENDING,2023-06-05
CR-10886,1753,138197.57,17.99,PENDING,2023-06-06
CR-10887,1219,40349.65,23.73,PENDING,2023-06-07
CR-10888,1637,18229.91,6.28,REJECTED,2023-06-08
CR-10889,1057,25290.37,21.49,PENDING,2023-06-09
CR-10890,1659,29638.18,10.85,REJECTED,2023-06-10
CR-10891,1475,45888.88,13.88,REJECTED,2023-06-11
CR-10892,1455,36250.41,5.44,PENDING,2023-06-12
CR-10893,1828,125907.85,11.02,PENDING,2023-06-13
CR-10894,1894,34354.63,15.05,REJECTED,2023-06-14
CR-10895,1360,242413.16,6.12,REJECTED,2023-06-15
CR-10896,1934,95333.26,14.82,PENDING,2023-06-16
CR-10897,1000,11691.93,23.54,PENDING,2023-06-17
CR-10898,1386,133389.97,7.11,PAID,2023-06-18
CR-10899,1972,6185.64,20.29,REJECTED,2023-06-19
CR-10900,1347,85036.48,13.19,REJECTED,2023-06-20
CR-10901,1189,23952.08,18.1,PAID,2023-06-21
CR-10902,1504,105176.19,10.2,REJECTED,2023-06-22
CR-10903,1190,101269.15,8.19,APPROVED,2023-06-23
CR-10904,1507,81975.63,8.21,REJECTED,2023-06-24
CR-10905,1368,78039.63,6.41,PAID,2023-06-25
CR-10906,1408,18169.09,8.71,APPROVED,2023-06-26
CR-10907,1823,4219.07,18.28,PENDING,2023-06-27
CR-10908,1928,25790.25,22.63,PAID,2023-06-28
CR-10909,1933,9529.25,21.28,PAID,2023-06-29
CR-10910,1116,59364.16,18.7,PENDING,2023-06-30
CR-10911,1133,21240.02,7.21,PAID,2023-07-01
CR-10912,1057,185679.52,10.78,REJECTED,2023-07-02
CR-10913,1555,51217.76,11.2,PENDING,2023-07-03
CR-10914,1684,86433.76,10.0,PAID,2023-07-04
CR-10915,1671,7108.41,15.3,PENDING,2023-07-05
CR-10916,1172,99030.33,15.71,PENDING,2023-07-06
CR-10917,1828,128040.07,12.14,PENDING,2023-07-07
CR-10918,1814,33380.01,12.08,APPROVED,2023-07-08
CR-10919,1148,46602.33,21.57,PAID,2023-07-09
CR-10920,1079,72368.04,20.79,APPROVED,2023-07-10
CR-10921,1885,9608.82,11.16,PAID,2023-07-11
CR-10922,1212,34914.63,23.28,REJECTED,2023-07-12
CR-10923,1202,25429.99,24.06,REJECTED,2023-07-13
CR-10924,1763,7913.11,11.53,REJECTED,2023-07-14
CR-10925,1228,22906.47,12.09,PAID,2023-07-15
CR-10926,1675,3530.37,15.11,PENDING,2023-07-16
CR-10927,1226,1307.54,23.82,PENDING,2023-07-17
CR-10928,1658,7260.9,22.53,APPROVED,2023-07-18
CR-10929,1531,164997.67,7.05,APPROVED,2023-07-19
CR-10930,1440,39873.14,12.85,REJECTED,2023-07-20
CR-10931,1401,168808.89,16.07,APPROVED,2023-07-21
CR-10932,1046,28325.54,15.06,PAID,2023-07-22
CR-10933,1232,18684.96,8.88,PAID,2023-07-23
CR-10934,1304,35275.35,22.18,APPROVED,2023-07-24
CR-10935,1525,28947.34,18.54,APPROVED,2023-07-25
CR-10936,1142,5583.73,21.76,APPROVED,2023-07-26
CR-10937,1414,51197.46,22.18,APPROVED,2023-07-27
CR-10938,1512,12169.75,19.97,REJECTED,2023-07-28
CR-10939,1372,48325.01,13.78,REJECTED,2023-07-29
CR-10940,1565,52519.84,17.21,APPROVED,2023-07-30
CR-10941,1885,8245.2,8.21,PAID,2023-07-31
CR-10942,1258,3165.61,18.47,REJECTED,2023-08-01
CR-10943,1655,75879.77,8.59,PAID,2023-08-02
CR-10944,1470,30790.83,18.88,PENDING,2023-08-03
CR-10945,1952,2996.2,9.59,PAID,2023-08-04
CR-10946,1970,263596.6,7.35,APPROVED,2023-08-05
CR-10947,1011,2975.85,8.31,PENDING,2023-08-06
CR-10948,1329,59377.95,5.04,REJECTED,2023-08-07
CR-10949,1735,205764.9,19.37,REJECTED,2023-08-08
CR-10950,1783,13667.93,19.65,PENDING,2023-08-09
CR-10951,1967,7672.09,15.3,PAID,2023-08-10
CR-10952,1357,6470.42,8.23,REJECTED,2023-08-11
CR-10953,1971,18068.24,6.67,APPROVED,2023-08-12
CR-10954,1407,5326.16,5.38,PENDING,2023-08-13
CR-10955,1667,58908.97,8.31,APPROVED,2023-08-14
CR-10956,1372,3215.82,22.82,PENDING,2023-08-15
CR-10957,1007,35608.56,9.83,REJECTED,2023-08-16
CR-10958,1121,285643.99,12.09,PAID,2023-08-17
CR-10959,1347,84092.44,7.11,PENDING,2023-08-18
CR-10960,1675,47754.1,9.45,PENDING,2023-08-19
CR-10961,1089,18282.44,15.38,APPROVED,2023-08-20
CR-10962,1647,48894.46,17.16,REJECTED,2023-08-21
CR-10963,1697,37437.38,9.91,APPROVED,2023-08-22
CR-10964,1315,27763.56,6.15,REJECTED,2023-08-23
CR-10965,1177,7003.95,12.82,APPROVED,2023-08-24
CR-10966,1539,108843.55,9.68,PENDING,2023-08-25
CR-10967,1731,29872.28,9.39,APPROVED,2023-08-26
CR-10968,1868,10822.21,24.2,PAID,2023-08-27
CR-10969,1040,22924.26,17.33,REJECTED,2023-08-28
CR-10970,1739,26732.85,16.14,REJECTED,2023-08-29
CR-10971,1703,87878.89,13.32,PENDING,2023-08-30
CR-10972,1922,66140.52,13.58,REJECTED,2023-08-31
CR-10973,1501,73332.92,15.82,PAID,2023-09-01
CR-10974,1958,554.63,18.93,APPROVED,2023-09-02
CR-10975,1144,26905.9,19.04,PENDING,2023-09-03
CR-10976,1200,32825.74,8.43,PAID,2023-09-04
CR-10977,1928,968.94,15.0,REJECTED,2023-09-05
CR-10978,1723,15042.64,13.24,REJECTED,2023-09-06
CR-10979,1460,71416.23,22.41,PAID,2023-09-07
CR-10980,1731,7373.39,17.63,APPROVED,2023-09-08
CR-10981,1751,38319.25,15.65,APPROVED,2023-09-09
CR-10982,1924,12116.44,7.31,PENDING,2023-09-10
CR-10983,1908,609.74,17.11,REJECTED,2023-09-11
CR-10984,1557,13800.95,7.34,PAID,2023-09-12
CR-10985,1546,186222.75,11.74,APPROVED,2023-09-13
CR-10986,1252,80857.66,7.86,PENDING,2023-09-14
CR-10987,1389,160417.38,18.84,REJECTED,2023-09-15
CR-10988,1593,33457.28,9.13,REJECTED,2023-09-16
CR-10989,1882,5811.87,12.84,PENDING,2023-09-17
CR-10990,1255,39699.17,22.91,PENDING,2023-09-18
CR-10991,1708,30291.38,9.09,APPROVED,2023-09-19
CR-10992,1814,93009.54,15.16,PAID,2023-09-20
CR-10993,1920,5161.62,13.39,REJECTED,2023-09-21
CR-10994,1449,33495.09,5.36,PAID,2023-09-22
CR-10995,1009,8128.81,20.86,REJECTED,2023-09-23
CR-10996,1823,19628.13,6.38,REJECTED,2023-09-24
CR-10997,1797,66847.99,14.49,PAID,2023-09-25
CR-10998,1241,32314.91,16.21,PENDING,2023-09-26
CR-10999,1250,23571.29,17.57,APPROVED,2023-09-27
CR-11000,1876,25083.08,18.77,REJECTED,2023-09-28
CR-11001,1004,30758.11,10.07,PENDING,2023-09-29
CR-11002,1118,76859.71,5.2,REJECTED,2023-09-30
CR-11003,1800,111320.43,19.47,APPROVED,2023-10-01
CR-11004,1373,155427.9,15.71,REJECTED,2023-10-02
CR-11005,1064,77300.48,21.72,APPROVED,2023-10-03
CR-11006,1145,18946.53,21.43,APPROVED,2023-10-04
CR-11007,1223,58259.2,21.87,REJECTED,2023-10-05
CR-11008,1238,28777.37,14.7,REJECTED,2023-10-06
CR-11009,1176,14696.45,11.67,APPROVED,2023-10-07
CR-11010,1778,91902.19,20.83,PENDING,2023-10-08
CR-11011,1852,1959.21,14.03,PAID,2023-10-09
CR-11012,1281,116018.1,8.67,APPROVED,2023-10-10
CR-11013,1062,30946.3,22.1,REJECTED,2023-10-11
CR-11014,1216,50695.38,22.65,REJECTED,2023-10-12
CR-11015,1853,53845.56,14.33,PENDING,2023-10-13
CR-11016,1826,112745.84,6.51,PAID,2023-10-14
CR-11017,1794,50622.14,12.76,APPROVED,2023-10-15
CR-11018,1688,47587.29,21.07,APPROVED,2023-10-16
CR-11019,1460,3448.86,23.04,PAID,2023-10-17
CR-11020,1928,36532.9,9.07,APPROVED,2023-10-18
CR-11021,1609,8135.89,6.34,PAID,2023-10-19
CR-11022,1104,66862.6,22.55,REJECTED,2023-10-20
CR-11023,1098,35894.74,12.79,PAID,2023-10-21
CR-11024,1510,57007.32,15.84,APPROVED,2023-10-22
CR-11025,1384,2128.31,24.36,PAID,2023-10-23
CR-11026,1404,4430.2,6.33,PENDING,2023-10-24
CR-11027,1822,62996.02,17.97,REJECTED,2023-10-25
CR-11028,1517,3740.72,6.48,REJECTED,2023-10-26
CR-11029,1475,3696.15,12.51,PAID,2023-10-27
CR-11030,1976,609.12,21.08,APPROVED,2023-10-28
CR-11031,1708,156751.32,13.67,PENDING,2023-10-29
CR-11032,1862,66876.8,24.94,REJECTED,2023-10-30
CR-11033,1644,21789.88,16.18,REJECTED,2023-10-31
CR-11034,1869,17586.9,11.42,APPROVED,2023-11-01
CR-11035,1770,21516.32,9.4,APPROVED,2023-11-02
CR-11036,1436,74505.81,12.01,PENDING,2023-11-03
CR-11037,1022,54142.45,12.45,PAID,2023-11-04
CR-11038,1996,10240.36,6.37,APPROVED,2023-11-05
CR-11039,1564,9564.64,12.39,PAID,2023-11-06
CR-11040,1676,5178.97,14.28,PENDING,2023-11-07
CR-11041,1713,53985.02,19.45,PAID,2023-11-08
CR-11042,1457,72275.19,18.13,REJECTED,2023-11-09
CR-11043,1082,15397.4,19.18,PAID,2023-11-10
CR-11044,1144,1058.37,5.17,PENDING,2023-11-11
CR-11045,1084,4287.25,9.35,PENDING,2023-11-12
CR-11046,1077,171882.75,18.23,PENDING,2023-11-13
CR-11047,1456,17509.43,14.68,PAID,2023-11-14
CR-11048,1877,73315.2,5.11,REJECTED,2023-11-15
CR-11049,1000,48996.63,21.09,APPROVED,2023-11-16
CR-11050,1050,24058.46,20.46,REJECTED,2023-11-17
CR-11051,1684,11513.9,15.97,PAID,2023-11-18
CR-11052,1716,6470.5,6.33,PAID,2023-11-19
CR-11053,1771,47727.28,20.33,APPROVED,2023-11-20
CR-11054,1445,74501.43,16.67,PAID,2023-11-21
CR-11055,1448,51627.78,20.64,PENDING,2023-11-22
CR-11056,1880,37783.28,20.03,PENDING,2023-11-23
CR-11057,1487,2142.83,21.06,PENDING,2023-11-24
CR-11058,1799,172870.58,15.36,PENDING,2023-11-25
CR-11059,1033,80151.47,7.81,PENDING,2023-11-26
CR-11060,1347,17323.65,18.42,PAID,2023-11-27
CR-11061,1094,195527.03,17.41,APPROVED,2023-11-28
CR-11062,1071,46050.29,19.85,APPROVED,2023-11-29
CR-11063,1550,43664.28,8.4,PENDING,2023-11-30
CR-11064,1153,68930.83,8.9,PAID,2023-12-01
CR-11065,1249,83504.48,22.81,REJECTED,2023-12-02
CR-11066,1673,53425.29,20.0,REJECTED,2023-12-03
CR-11067,1437,6853.78,23.16,PAID,2023-12-04
CR-11068,1117,20644.69,20.17,PENDING,2023-12-05
CR-11069,1770,131612.58,16.94,APPROVED,2023-12-06
CR-11070,1890,12719.82,18.08,PAID,2023-12-07
CR-11071,1305,23274.06,22.78,REJECTED,2023-12-08
CR-11072,1267,28288.46,16.58,REJECTED,2023-12-09
CR-11073,1960,28937.83,17.65,REJECTED,2023-12-10
CR-11074,1053,47458.72,8.13,PENDING,2023-12-11
CR-11075,1235,143301.77,14.48,REJECTED,2023-12-12
CR-11076,1388,13767.44,19.33,PAID,2023-12-13
CR-11077,1989,6477.05,10.42,PAID,2023-12-14
CR-11078,1733,10999.33,9.05,REJECTED,2023-12-15
CR-11079,1762,108985.15,11.28,PAID,2023-12-16
CR-11080,1824,51896.2,9.83,REJECTED,2023-12-17
CR-11081,1400,16837.09,9.3,REJECTED,2023-12-18
CR-11082,1623,84626.56,13.5,APPROVED,2023-12-19
CR-11083,1766,98797.34,23.16,PENDING,2023-12-20
CR-11084,1302,93707.41,15.14,PENDING,2023-12-21
CR-11085,1918,125619.98,8.76,APPROVED,2023-12-22
CR-11086,1206,14533.73,6.54,APPROVED,2023-12-23
CR-11087,1228,70333.41,18.92,PENDING,2023-12-24
CR-11088,1852,30859.29,12.66,REJECTED,2023-12-25
CR-11089,1909,92257.55,21.44,REJECTED,2023-12-26
CR-11090,1577,65187.94,18.19,PENDING,2023-12-27
CR-11091,1074,74905.44,20.92,REJECTED,2023-12-28
CR-11092,1434,53379.21,10.44,APPROVED,2023-12-29
CR-11093,1102,9766.01,18.85,REJECTED,2023-12-30
CR-11094,1421,39375.85,10.28,REJECTED,2023-12-31
CR-11095,1703,208896.33,23.78,PAID,2024-01-01
CR-11096,1763,138539.97,17.73,PAID,2024-01-02
CR-11097,1737,2206.67,11.49,PAID,2024-01-03
CR-11098,1805,9005.09,10.39,REJECTED,2024-01-04
CR-11099,1305,7062.56,8.82,PENDING,2024-01-05
CR-11100,1097,64727.69,18.89,APPROVED,2024-01-06
CR-11101,1849,85128.49,9.37,REJECTED,2024-01-07
CR-11102,1797,12008.85,16.91,PENDING,2024-01-08
CR-11103,1334,35246.08,10.29,REJECTED,2024-01-09
CR-11104,1858,91849.25,18.24,APPROVED,2024-01-10
CR-11105,1434,65988.18,21.3,REJECTED,2024-01-11
CR-11106,1446,39070.21,20.56,APPROVED,2024-01-12
CR-11107,1993,44622.33,20.22,REJECTED,2024-01-13
CR-11108,1307,35500.48,8.75,APPROVED,2024-01-14
CR-11109,1248,17658.94,6.77,REJECTED,2024-01-15
CR-11110,1165,41622.99,18.98,APPROVED,2024-01-16
CR-11111,1480,58379.68,12.37,PAID,2024-01-17
CR-11112,1983,103305.7,13.65,REJECTED,2024-01-18
CR-11113,1334,50570.11,5.62,REJECTED,2024-01-19
CR-11114,1541,71590.02,10.19,PENDING,2024-01-20
CR-11115,1758,8721.93,5.67,PENDING,2024-01-21
CR-11116,1105,30953.73,22.58,APPROVED,2024-01-22
CR-11117,1562,468.77,9.87,REJECTED,2024-01-23
CR-11118,1080,14163.18,16.15,APPROVED,2024-01-24
CR-11119,1132,64815.68,5.78,PAID,2024-01-25
CR-11120,1796,240241.77,18.34,PENDING,2024-01-26
CR-11121,1899,5222.39,11.46,APPROVED,2024-01-27
CR-11122,1137,25665.96,22.96,APPROVED,2024-01-28
CR-11123,1183,80489.64,22.76,PENDING,2024-01-29
CR-11124,1400,11410.04,11.51,REJECTED,2024-01-30
CR-11125,1329,40493.6,23.02,APPROVED,2024-01-31
CR-11126,1784,66038.68,24.92,PENDING,2024-02-01
CR-11127,1507,47853.74,21.51,REJECTED,2024-02-02
CR-11128,1851,10414.27,21.9,PAID,2024-02-03
CR-11129,1983,21955.07,9.98,PENDING,2024-02-04
CR-11130,1068,76575.67,16.53,APPROVED,2024-02-05
CR-11131,1545,40397.22,6.35,PAID,2024-02-06
CR-11132,1773,262.17,6.9,REJECTED,2024-02-07
CR-11133,1052,71562.65,24.98,REJECTED,2024-02-08
CR-11134,1449,1797.49,11.53,PENDING,2024-02-09
CR-11135,1204,68468.67,19.96,PENDING,2024-02-10
CR-11136,1125,11312.45,21.13,PENDING,2024-02-11
CR-11137,1746,158591.84,22.16,REJECTED,2024-02-12
CR-11138,1042,22938.61,24.95,PAID,2024-02-13
CR-11139,1751,19795.42,9.83,REJECTED,2024-02-14
CR-11140,1970,8060.58,5.81,APPROVED,2024-02-15
CR-11141,1882,18235.66,13.22,REJECTED,2024-02-16
CR-11142,1110,104636.78,7.6,APPROVED,2024-02-17
CR-11143,1760,280437.31,5.45,PAID,2024-02-18
CR-11144,1662,22967.79,12.21,PENDING,2024-02-19
CR-11145,1182,29765.7,20.67,PENDING,2024-02-20
CR-11146,1847,64019.47,16.32,REJECTED,2024-02-21
CR-11147,1094,108663.78,11.26,PENDING,2024-02-22
CR-11148,1970,44952.55,18.09,PAID,2024-02-23
CR-11149,1373,24840.03,9.64,PENDING,2024-02-24
CR-11150,1911,26604.32,5.29,REJECTED,2024-02-25
CR-11151,1519,59473.61,20.29,PAID,2024-02-26
CR-11152,1899,161.17,17.47,APPROVED,2024-02-27
CR-11153,1359,48325.2,20.25,REJECTED,2024-02-28
CR-11154,1899,21963.48,5.78,APPROVED,2024-02-29
CR-11155,1695,79041.87,21.74,PAID,2024-03-01
CR-11156,1280,4880.13,17.39,REJECTED,2024-03-02
CR-11157,1194,44361.15,16.27,REJECTED,2024-03-03
CR-11158,1863,32789.96,17.49,PAID,2024-03-04
CR-11159,1194,51406.6,22.29,PENDING,2024-03-05
CR-11160,1666,3352.61,16.74,REJECTED,2024-03-06
CR-11161,1092,43373.1,16.62,REJECTED,2024-03-07
CR-11162,1671,41218.02,24.81,APPROVED,2024-03-08
CR-11163,1945,41124.09,20.13,PENDING,2024-03-09
CR-11164,1060,46252.41,13.85,APPROVED,2024-03-10
CR-11165,1633,56422.85,19.15,APPROVED,2024-03-11
CR-11166,1050,81734.97,12.78,PENDING,2024-03-12
CR-11167,1402,15723.26,9.58,PENDING,2024-03-13
CR-11168,1788,87162.58,16.94,PAID,2024-03-14
CR-11169,1004,34483.23,23.56,PENDING,2024-03-15
CR-11170,1465,4009.46,23.58,REJECTED,2024-03-16
CR-11171,1603,3016.75,11.84,PENDING,2024-03-17
CR-11172,1681,20341.18,15.55,PAID,2024-03-18
CR-11173,1828,76831.91,9.23,PAID,2024-03-19
CR-11174,1533,61495.47,24.91,PAID,2024-03-20
CR-11175,1404,77703.7,24.62,PENDING,2024-03-21
CR-11176,1837,36414.79,17.99,PENDING,2024-03-22
CR-11177,1512,29008.7,21.09,APPROVED,2024-03-23
CR-11178,1644,7976.32,19.3,APPROVED,2024-03-24
CR-11179,1232,19889.19,16.86,REJECTED,2024-03-25
CR-11180,1523,28459.77,6.07,APPROVED,2024-03-26
CR-11181,1345,4638.69,14.1,REJECTED,2024-03-27
CR-11182,1045,12462.31,18.5,PAID,2024-03-28
CR-11183,1545,45593.19,18.55,APPROVED,2024-03-29
CR-11184,1944,66526.55,12.46,PENDING,2024-03-30
CR-11185,1077,320273.64,23.83,APPROVED,2024-03-31
CR-11186,1729,135237.78,8.35,REJECTED,2024-04-01
CR-11187,1812,51440.12,15.01,APPROVED,2024-04-02
CR-11188,1922,27344.07,18.82,PAID,2024-04-03
CR-11189,1072,50554.44,18.94,PENDING,2024-04-04
CR-11190,1793,77007.63,17.97,REJECTED,2024-04-05
CR-11191,1248,6297.22,10.51,PENDING,2024-04-06
CR-11192,1046,26373.58,8.12,PENDING,2024-04-07
CR-11193,1120,91567.33,17.72,REJECTED,2024-04-08
CR-11194,1213,24211.86,16.99,PENDING,2024-04-09
CR-11195,1238,42416.68,8.59,PENDING,2024-04-10
CR-11196,1055,44308.61,19.1,APPROVED,2024-04-11
CR-11197,1349,10196.24,14.1,PENDING,2024-04-12
CR-11198,1106,22489.3,18.36,PENDING,2024-04-13
CR-11199,1830,20361.68,21.75,PENDING,2024-04-14
CR-11200,1047,1327.3,8.39,PENDING,2024-04-15
CR-11201,1572,1224.46,5.38,REJECTED,2024-04-16
CR-11202,1336,89099.48,20.58,PAID,2024-04-17
CR-11203,1025,15946.31,17.19,APPROVED,2024-04-18
CR-11204,1803,36498.73,18.99,PENDING,2024-04-19
CR-11205,1256,17742.8,21.76,PENDING,2024-04-20
CR-11206,1007,141239.8,21.06,REJECTED,2024-04-21
CR-11207,1624,15007.76,24.22,PAID,2024-04-22
CR-11208,1866,28075.85,15.72,PENDING,2024-04-23
CR-11209,1252,103072.32,14.77,REJECTED,2024-04-24
CR-11210,1691,92236.99,13.04,APPROVED,2024-04-25
CR-11211,1718,10295.98,8.07,APPROVED,2024-04-26
CR-11212,1302,81137.13,16.45,PENDING,2024-04-27
CR-11213,1638,30641.71,10.54,PENDING,2024-04-28
CR-11214,1055,32982.61,23.43,PAID,2024-04-29
CR-11215,1725,7163.5,16.66,PAID,2024-04-30
CR-11216,1525,4201.78,16.86,PENDING,2024-05-01
CR-11217,1473,65086.51,12.1,REJECTED,2024-05-02
CR-11218,1027,34304.72,6.04,PAID,2024-05-03
CR-11219,1982,28710.53,5.63,PENDING,2024-05-04
CR-11220,1077,65375.68,13.47,PAID,2024-05-05
CR-11221,1215,72517.73,6.69,PENDING,2024-05-06
CR-11222,1385,8652.72,17.14,APPROVED,2024-05-07
CR-11223,1364,47109.3,22.62,PENDING,2024-05-08
CR-11224,1665,7271.76,22.66,APPROVED,2024-05-09
CR-11225,1525,69590.49,18.18,PAID,2024-05-10
CR-11226,1698,53494.71,9.22,PENDING,2024-05-11
CR-11227,1311,156881.64,22.26,PAID,2024-05-12
CR-11228,1882,3572.55,22.72,APPROVED,2024-05-13
CR-11229,1006,2937.35,8.93,PENDING,2024-05-14
CR-11230,1002,16577.31,19.75,PAID,2024-05-15
CR-11231,1622,15170.64,10.73,APPROVED,2024-05-16
CR-11232,1918,14183.09,21.05,PAID,2024-05-17
CR-11233,1749,118358.62,24.94,REJECTED,2024-05-18
CR-11234,1362,14353.86,5.6,APPROVED,2024-05-19
CR-11235,1750,15869.26,22.95,APPROVED,2024-05-20
CR-11236,1507,71230.61,17.45,APPROVED,2024-05-21
CR-11237,1273,29868.2,24.47,PENDING,2024-05-22
CR-11238,1505,74964.32,14.3,PENDING,2024-05-23
CR-11239,1805,3380.02,21.95,PENDING,2024-05-24
CR-11240,1738,33429.67,6.25,REJECTED,2024-05-25
CR-11241,1882,1709.58,11.71,REJECTED,2024-05-26
CR-11242,1014,3235.1,6.34,APPROVED,2024-05-27
CR-11243,1191,118456.26,24.51,REJECTED,2024-05-28
CR-11244,1984,7497.29,21.34,PAID,2024-05-29
CR-11245,1630,38009.31,22.05,APPROVED,2024-05-30
CR-11246,1484,26474.57,23.76,APPROVED,2024-05-31
CR-11247,1027,21335.2,6.7,PAID,2024-06-01
CR-11248,1713,115046.0,12.71,APPROVED,2024-06-02
CR-11249,1038,1103.25,6.42,REJECTED,2024-06-03
CR-11250,1952,54500.92,9.22,PENDING,2024-06-04
CR-11251,1272,165377.75,9.59,PAID,2024-06-05
CR-11252,1230,41068.14,14.38,REJECTED,2024-06-06
CR-11253,1085,138090.32,10.37,PAID,2024-06-07
CR-11254,1473,2683.64,7.02,PAID,2024-06-08
CR-11255,1125,27132.44,8.35,APPROVED,2024-06-09
CR-11256,1811,15065.92,7.95,APPROVED,2024-06-10
CR-11257,1536,65618.93,24.46,REJECTED,2024-06-11
CR-11258,1144,198953.81,20.19,PAID,2024-06-12
CR-11259,1524,14821.35,24.36,APPROVED,2024-06-13
CR-11260,1211,53091.06,13.79,APPROVED,2024-06-14
CR-11261,1024,11038.42,10.57,PAID,2024-06-15
CR-11262,1579,41658.44,20.97,REJECTED,2024-06-16
CR-11263,1393,31174.76,11.53,REJECTED,2024-06-17
CR-11264,1066,178787.06,10.99,PAID,2024-06-18
CR-11265,1232,46891.97,9.65,REJECTED,2024-06-19
CR-11266,1108,21501.19,7.59,APPROVED,2024-06-20
CR-11267,1145,6057.32,10.13,PAID,2024-06-21
CR-11268,1110,8199.34,12.11,APPROVED,2024-06-22
CR-11269,1227,12765.06,18.48,PENDING,2024-06-23
CR-11270,1110,14448.59,6.25,PENDING,2024-06-24
CR-11271,1469,95061.77,9.21,REJECTED,2024-06-25
CR-11272,1033,41188.17,21.18,PENDING,2024-06-26
CR-11273,1622,37052.93,7.94,APPROVED,2024-06-27
CR-11274,1775,6095.33,11.85,PENDING,2024-06-28
CR-11275,1935,98355.56,22.29,APPROVED,2024-06-29
CR-11276,1368,64153.38,8.1,REJECTED,2024-06-30
CR-11277,1747,3503.33,6.65,REJECTED,2024-07-01
CR-11278,1594,61521.85,14.69,APPROVED,2024-07-02
CR-11279,1553,39212.52,11.05,PENDING,2024-07-03
CR-11280,1424,4262.94,16.27,REJECTED,2024-07-04
CR-11281,1612,30652.21,21.08,PAID,2024-07-05
CR-11282,1517,33149.94,7.74,REJECTED,2024-07-06
CR-11283,1691,9062.58,16.61,PENDING,2024-07-07
CR-11284,1281,145659.85,15.11,PAID,2024-07-08
CR-11285,1319,94847.79,7.88,PENDING,2024-07-09
CR-11286,1737,55285.22,17.48,APPROVED,2024-07-10
CR-11287,1442,31022.31,10.47,PAID,2024-07-11
CR-11288,1951,26531.48,14.76,PENDING,2024-07-12
CR-11289,1314,52630.37,6.65,PAID,2024-07-13
CR-11290,1876,39420.37,14.19,PENDING,2024-07-14
CR-11291,1965,3214.83,11.13,PAID,2024-07-15
CR-11292,1740,35923.52,21.45,PENDING,2024-07-16
CR-11293,1376,82098.99,6.14,APPROVED,2024-07-17
CR-11294,1288,30738.97,13.37,PAID,2024-07-18
CR-11295,1436,2667.75,14.17,PAID,2024-07-19
CR-11296,1661,77154.01,19.5,PAID,2024-07-20
CR-11297,1276,11242.49,16.49,PAID,2024-07-21
CR-11298,1709,14962.15,18.34,APPROVED,2024-07-22
CR-11299,1581,8998.6,20.54,PAID,2024-07-23
CR-11300,1502,20039.93,22.24,REJECTED,2024-07-24
CR-11301,1623,70683.59,11.28,APPROVED,2024-07-25
CR-11302,1515,36634.53,15.76,REJECTED,2024-07-26
CR-11303,1349,11463.19,21.8,PAID,2024-07-27
CR-11304,1842,105117.12,24.79,PENDING,2024-07-28
CR-11305,1445,105839.25,22.79,REJECTED,2024-07-29
CR-11306,1829,102234.01,12.43,PAID,2024-07-30
CR-11307,1349,13642.71,8.9,REJECTED,2024-07-31
CR-11308,1606,30004.64,14.79,PAID,2024-08-01
CR-11309,1663,209950.79,19.83,PAID,2024-08-02
CR-11310,1822,73923.22,14.85,PAID,2024-08-03
CR-11311,1136,1377.16,14.66,PENDING,2024-08-04
CR-11312,1758,3371.38,21.76,REJECTED,2024-08-05
CR-11313,1898,31174.65,12.23,APPROVED,2024-08-06
CR-11314,1242,119965.93,22.2,APPROVED,2024-08-07
CR-11315,1542,38685.53,13.14,APPROVED,2024-08-08
CR-11316,1039,34439.09,11.56,APPROVED,2024-08-09
CR-11317,1228,5573.05,14.08,PAID,2024-08-10
CR-11318,1547,53469.2,20.25,REJECTED,2024-08-11
CR-11319,1919,86327.57,7.52,REJECTED,2024-08-12
CR-11320,1222,23935.67,8.93,PENDING,2024-08-13
CR-11321,1005,74718.9,24.03,REJECTED,2024-08-14
CR-11322,1321,166878.26,8.51,REJECTED,2024-08-15
CR-11323,1467,11393.14,16.35,REJECTED,2024-08-16
CR-11324,1731,37046.5,16.59,PENDING,2024-08-17
CR-11325,1074,16923.37,14.79,APPROVED,2024-08-18
CR-11326,1003,78716.67,17.89,REJECTED,2024-08-19
CR-11327,1846,43089.34,9.6,PENDING,2024-08-20
CR-11328,1645,50335.73,16.05,PENDING,2024-08-21
CR-11329,1117,79953.14,12.44,PAID,2024-08-22
CR-11330,1880,25206.61,18.23,PENDING,2024-08-23
CR-11331,1605,123308.21,7.82,APPROVED,2024-08-24
CR-11332,1503,38074.39,16.42,REJECTED,2024-08-25
CR-11333,1997,8596.08,8.71,PENDING,2024-08-26
CR-11334,1946,59519.79,10.57,APPROVED,2024-08-27
CR-11335,1573,78814.99,9.37,PENDING,2024-08-28
CR-11336,1440,19045.58,8.66,PENDING,2024-08-29
CR-11337,1193,97308.25,21.51,PENDING,2024-08-30
CR-11338,1846,118299.28,10.71,PENDING,2024-08-31
CR-11339,1714,16210.7,23.54,PENDING,2024-09-01
CR-11340,1391,205284.86,24.4,APPROVED,2024-09-02
CR-11341,1025,7582.53,16.43,REJECTED,2024-09-03
CR-11342,1434,11283.32,7.86,REJECTED,2024-09-04
CR-11343,1172,10180.83,12.49,REJECTED,2024-09-05
CR-11344,1299,112210.96,20.95,REJECTED,2024-09-06
CR-11345,1644,53108.12,12.35,APPROVED,2024-09-07
CR-11346,1325,8249.88,6.74,PAID,2024-09-08
CR-11347,1409,29019.81,16.14,PAID,2024-09-09
CR-11348,1117,47764.32,21.9,APPROVED,2024-09-10
CR-11349,1835,4357.7,20.92,APPROVED,2024-09-11
CR-11350,1786,107030.27,8.5,PENDING,2024-09-12
CR-11351,1723,81380.99,18.46,PENDING,2024-09-13
CR-11352,1224,35180.77,9.41,PENDING,2024-09-14
CR-11353,1531,170754.6,9.36,REJECTED,2024-09-15
CR-11354,1112,27043.71,22.48,PENDING,2024-09-16
CR-11355,1139,207104.27,9.99,PAID,2024-09-17
CR-11356,1558,55118.97,10.26,REJECTED,2024-09-18
CR-11357,1000,50347.89,5.01,PENDING,2024-09-19
CR-11358,1089,9073.39,22.41,REJECTED,2024-09-20
CR-11359,1653,106822.93,20.85,PAID,2024-09-21
CR-11360,1319,27886.23,17.55,PENDING,2024-09-22
CR-11361,1549,8850.79,20.01,PAID,2024-09-23
CR-11362,1804,634.38,8.04,PAID,2024-09-24
CR-11363,1893,41021.27,14.17,PAID,2024-09-25
CR-11364,1138,37475.26,12.02,PENDING,2024-09-26
CR-11365,1510,63532.99,6.88,APPROVED,2024-09-27
CR-11366,1867,110481.18,14.72,PENDING,2024-09-28
CR-11367,1844,4136.84,23.41,PAID,2024-09-29
CR-11368,1258,65744.56,5.8,PENDING,2024-09-30
CR-11369,1672,10376.55,10.83,PAID,2024-10-01
CR-11370,1901,97658.79,9.15,APPROVED,2024-10-02
CR-11371,1689,85480.46,9.76,REJECTED,2024-10-03
CR-11372,1009,38912.79,23.17,APPROVED,2024-10-04
CR-11373,1260,61935.6,14.36,APPROVED,2024-10-05
CR-11374,1918,18869.41,14.33,REJECTED,2024-10-06
CR-11375,1649,31854.21,20.21,PENDING,2024-10-07
CR-11376,1171,86196.7,8.09,REJECTED,2024-10-08
CR-11377,1897,30741.32,14.75,PENDING,2024-10-09
CR-11378,1012,22142.64,13.6,PENDING,2024-10-10
CR-11379,1167,34081.93,16.94,PAID,2024-10-11
CR-11380,1641,88085.55,24.99,PAID,2024-10-12
CR-11381,1595,20414.06,20.39,REJECTED,2024-10-13
CR-11382,1320,9543.6,12.96,APPROVED,2024-10-14
CR-11383,1318,62242.17,21.55,REJECTED,2024-10-15
CR-11384,1612,87428.74,8.41,PENDING,2024-10-16
CR-11385,1328,5303.45,5.61,PAID,2024-10-17
CR-11386,1784,13713.56,9.09,REJECTED,2024-10-18
CR-11387,1776,7655.93,11.81,REJECTED,2024-10-19
CR-11388,1970,21381.04,15.21,PAID,2024-10-20
CR-11389,1910,29923.77,17.3,PAID,2024-10-21
CR-11390,1919,69080.53,23.21,PAID,2024-10-22
CR-11391,1549,52655.32,15.2,PENDING,2024-10-23
CR-11392,1418,48501.53,15.03,PAID,2024-10-24
CR-11393,1605,21722.17,6.0,APPROVED,2024-10-25
CR-11394,1094,92083.49,5.7,REJECTED,2024-10-26
CR-11395,1816,31865.49,16.02,PAID,2024-10-27
CR-11396,1580,193412.12,13.76,PAID,2024-10-28
CR-11397,1317,50275.52,21.78,PENDING,2024-10-29
CR-11398,1955,6748.89,8.21,PENDING,2024-10-30
CR-11399,1235,56378.0,5.5,REJECTED,2024-10-31
CR-11400,1945,19659.83,13.98,APPROVED,2024-11-01
CR-11401,1333,57970.24,9.75,REJECTED,2024-11-02
CR-11402,1884,3609.25,5.99,PAID,2024-11-03
CR-11403,1375,9611.41,19.49,APPROVED,2024-11-04
CR-11404,1458,96805.95,7.23,APPROVED,2024-11-05
CR-11405,1136,12885.43,17.17,APPROVED,2024-11-06
CR-11406,1929,90712.87,10.62,APPROVED,2024-11-07
CR-11407,1587,16374.96,8.47,REJECTED,2024-11-08
CR-11408,1994,51484.44,12.6,PENDING,2024-11-09
CR-11409,1546,59233.12,21.03,PENDING,2024-11-10
CR-11410,1512,35939.12,12.84,PAID,2024-11-11
CR-11411,1295,18214.53,20.02,PENDING,2024-11-12
CR-11412,1319,11953.76,7.51,PENDING,2024-11-13
CR-11413,1917,1687.63,20.46,PENDING,2024-11-14
CR-11414,1571,18116.43,9.74,PENDING,2024-11-15
CR-11415,1831,52944.99,18.55,PAID,2024-11-16
CR-11416,1348,139277.47,16.32,REJECTED,2024-11-17
CR-11417,1839,102476.46,23.58,APPROVED,2024-11-18
CR-11418,1778,72635.55,12.75,PENDING,2024-11-19
CR-11419,1872,77664.07,6.32,REJECTED,2024-11-20
CR-11420,1228,54678.98,5.38,PENDING,2024-11-21
CR-11421,1269,15074.64,21.54,PENDING,2024-11-22
CR-11422,1827,118862.75,15.49,APPROVED,2024-11-23
CR-11423,1797,55544.21,20.5,APPROVED,2024-11-24
CR-11424,1290,41099.12,9.69,APPROVED,2024-11-25
CR-11425,1724,5882.31,11.9,PENDING,2024-11-26
CR-11426,1164,29624.89,5.6,PENDING,2024-11-27
CR-11427,1004,30842.49,24.23,PENDING,2024-11-28
CR-11428,1850,99962.66,18.36,APPROVED,2024-11-29
CR-11429,1378,39554.34,23.66,PAID,2024-11-30
CR-11430,1077,23934.1,10.31,REJECTED,2024-12-01
CR-11431,1409,188180.86,17.23,PAID,2024-12-02
CR-11432,1573,5867.19,18.57,PENDING,2024-12-03
CR-11433,1131,27456.53,11.35,PENDING,2024-12-04
CR-11434,1600,2146.66,21.96,PAID,2024-12-05
CR-11435,1748,67335.25,23.94,PENDING,2024-12-06
CR-11436,1041,125098.5,22.7,REJECTED,2024-12-07
CR-11437,1088,16427.8,19.78,PENDING,2024-12-08
CR-11438,1401,97716.86,10.55,REJECTED,2024-12-09
CR-11439,1295,17280.97,10.63,PAID,2024-12-10
CR-11440,1839,120826.99,24.27,PAID,2024-12-11
CR-11441,1294,70113.44,5.21,PENDING,2024-12-12
CR-11442,1615,81713.89,19.32,REJECTED,2024-12-13
CR-11443,1525,908.53,19.12,PENDING,2024-12-14
CR-11444,1799,164586.25,17.45,APPROVED,2024-12-15
CR-11445,1690,64853.95,24.8,APPROVED,2024-12-16
CR-11446,1636,18174.27,11.24,APPROVED,2024-12-17
CR-11447,1421,88420.12,11.8,APPROVED,2024-12-18
CR-11448,1864,16530.95,6.58,PENDING,2024-12-19
CR-11449,1022,103081.59,13.86,APPROVED,2024-12-20
CR-11450,1574,5971.87,10.22,REJECTED,2024-12-21
CR-11451,1142,60816.78,11.87,PAID,2024-12-22
CR-11452,1992,38902.42,21.69,PAID,2024-12-23
CR-11453,1664,5075.87,23.71,APPROVED,2024-12-24
CR-11454,1144,13846.59,8.71,APPROVED,2024-12-25
CR-11455,1224,624.08,12.45,APPROVED,2024-12-26
CR-11456,1502,31627.82,23.57,PENDING,2024-12-27
CR-11457,1961,17924.2,6.24,PAID,2024-12-28
CR-11458,1973,45609.64,6.85,APPROVED,2024-12-29
CR-11459,1820,17636.84,8.26,REJECTED,2024-12-30
CR-11460,1615,17827.97,16.9,APPROVED,2024-12-31
CR-11461,1103,67971.56,8.01,PAID,2025-01-01
CR-11462,1946,2467.01,24.36,APPROVED,2025-01-02
CR-11463,1038,116598.12,13.93,PAID,2025-01-03
CR-11464,1946,95616.38,15.03,APPROVED,2025-01-04
CR-11465,1197,55101.61,9.93,REJECTED,2025-01-05
CR-11466,1645,44974.33,14.42,APPROVED,2025-01-06
CR-11467,1578,111421.44,18.24,REJECTED,2025-01-07
CR-11468,1390,10248.62,20.02,REJECTED,2025-01-08
CR-11469,1178,4113.09,20.08,APPROVED,2025-01-09
CR-11470,1967,13689.63,16.56,REJECTED,2025-01-10
CR-11471,1553,79134.51,23.09,PENDING,2025-01-11
CR-11472,1447,1764.28,21.35,APPROVED,2025-01-12
CR-11473,1499,43710.3,20.14,APPROVED,2025-01-13
CR-11474,1014,269494.41,6.11,REJECTED,2025-01-14
CR-11475,1622,96791.69,5.14,REJECTED,2025-01-15
CR-11476,1668,36849.28,9.25,APPROVED,2025-01-16
CR-11477,1288,3287.81,18.27,PENDING,2025-01-17
CR-11478,1477,89003.46,13.22,REJECTED,2025-01-18
CR-11479,1230,45687.01,13.05,REJECTED,2025-01-19
CR-11480,1922,6104.6,22.69,PAID,2025-01-20
CR-11481,1419,4927.92,22.91,PENDING,2025-01-21
CR-11482,1156,120190.39,23.18,PENDING,2025-01-22
CR-11483,1549,55312.11,11.28,APPROVED,2025-01-23
CR-11484,1440,88388.52,18.82,PENDING,2025-01-24
CR-11485,1096,105589.52,10.43,APPROVED,2025-01-25
CR-11486,1996,42405.02,8.81,PAID,2025-01-26
CR-11487,1410,36433.16,8.69,PENDING,2025-01-27
CR-11488,1950,28143.45,11.84,REJECTED,2025-01-28
CR-11489,1288,19059.11,13.6,PAID,2025-01-29
CR-11490,1253,28510.73,21.62,APPROVED,2025-01-30
CR-11491,1195,74334.4,7.4,PAID,2025-01-31
CR-11492,1597,46055.55,19.7,APPROVED,2025-02-01
CR-11493,1833,111524.06,15.63,PAID,2025-02-02
CR-11494,1521,29293.63,10.76,APPROVED,2025-02-03
CR-11495,1516,46708.68,14.86,PENDING,2025-02-04
CR-11496,1634,49889.62,11.0,REJECTED,2025-02-05
CR-11497,1841,44787.31,16.92,APPROVED,2025-02-06
CR-11498,1864,60639.54,13.68,PAID,2025-02-07
CR-11499,1117,13553.28,8.29,APPROVED,2025-02-08
